FullName,Assessment ID,Score,Topic,DateTaken
Cassandra Willis,CID607,63,Reinforcement Learning,2025-04-15
Timothy Hebert,EID850,94,Cloud,2025-05-04
Kelsey Ortiz,,91,ML Ops,2025-05-15
Michele Hurst,AID244,95,Python,2025-03-31
Paul Hawkins,EID449,96,Data Analysis,2025-04-10
Kimberly James,AID350,100,Computer Vision,2024-07-19
Whitney King DDS,DID762,75,ML Ops,2024-11-01
Nicole Owens,BID783,86,Reinforcement Learning,2024-11-24
Andrew Johnson,,66,Cloud,2025-02-10
Emily Hawkins,EID869,70,Computer Vision,2024-07-26
Angela Pineda,EID296,85,ML Ops,2024-07-05
Christopher Stephens,BID105,67,Cloud,2024-08-02
Jasmine Ford,DID930,75,Reinforcement Learning,2025-04-14
Deanna Holt,EID565,73,Computer Vision,2024-10-03
Andrew Yang DVM,CID809,90,ML Ops,2024-09-17
Dennis Bryant,EID413,86,Cloud,2024-06-28
Richard Harmon,AID438,96,Python,2025-01-29
Thomas Martin,BID258,91,ML Ops,2025-05-20
Christopher Wiggins,DID417,82,Computer Vision,2024-12-23
Allison Byrd,DID663,100,Python,2025-03-27
Stephanie Hall,BID610,82,Python,2025-02-21
Angela Leon,,60,ML Ops,2024-07-29
Michael Murphy,DID120,77,Cloud,2025-02-20
Walter Miller,AID751,80,Data Analysis,2024-11-10
Jeremy Silva,EID214,75,Machine Learning,2025-05-11
Kathleen Marquez,BID629,67,Python,2024-10-28
James Powers,EID486,67,ML Ops,2024-06-21
Teresa Fitzgerald,AID693,94,ML Ops,2024-06-19
Chad King,CID762,60,Data Analysis,2024-12-06
Tricia Jackson,BID619,96,Reinforcement Learning,2024-09-01
Elizabeth Rollins,BID526,64,SQL,2024-08-02
Kimberly Horn,EID970,71,Data Analysis,2025-03-09
Andrea Mcdonald,EID686,77,Python,2024-07-31
Jasmine Ford,DID322,100,Statistics,2025-01-02
Anthony Bell,AID670,60,ML Ops,2025-04-20
Shirley Johnston,BID590,65,Reinforcement Learning,2024-10-05
Nicholas Lara,EID124,96,SQL,2024-12-24
Chad Nichols,DID789,60,Python,2024-06-25
Michael Price,AID810,83,Data Analysis,2024-10-11
Joan Lucas,,89,Data Analysis,2024-09-13
Gabrielle Smith,,87,NLP,2025-02-07
Cory Horne,AID622,90,NLP,2025-02-07
Daniel Harris,EID727,60,Machine Learning,2024-12-09
Catherine Brown,DID208,63,ML Ops,2025-03-07
Teresa Davis,AID122,87,Cloud,2024-12-06
Amy Beltran,BID863,73,Reinforcement Learning,2024-06-01
Brittany Farmer,EID730,91,Cloud,2024-10-08
Jennifer Shah,BID960,70,Machine Learning,2024-09-06
Ricky Mathis,AID611,72,NLP,2025-03-23
Kevin Chung,EID457,79,Cloud,2025-03-20
Kevin Jones,DID518,64,SQL,2024-09-14
Joel Fox,DID189,68,Machine Learning,2024-11-28
Daniel Rice,DID487,83,NLP,2025-05-07
Christopher Hubbard,,100,SQL,2024-08-31
Michael Hancock,,71,Computer Vision,2025-01-08
Brandon Oneal,AID696,72,Data Analysis,2024-11-21
Frank Robles,CID760,60,Data Analysis,2025-03-19
Robert Woods,CID426,88,Cloud,2025-01-05
Tasha Harvey,AID974,85,Cloud,2025-01-07
Dakota Aguilar,EID896,80,Data Analysis,2024-06-11
Sherri Bennett,AID954,72,Machine Learning,2024-09-14
Angela Peterson,DID211,64,Computer Vision,2025-02-03
Eric Best,CID875,82,SQL,2025-01-22
David Barajas,CID742,82,Python,2024-11-06
Terri Diaz,DID842,66,SQL,2024-12-10
Charles Hobbs,AID222,94,Reinforcement Learning,2025-05-17
Jacqueline Hart,EID850,63,Python,2024-09-18
Steve Mendoza,DID758,87,Cloud,2025-01-30
Dennis Beck,AID127,70,Computer Vision,2025-02-17
Keith Ellis,,65,Python,2024-06-22
Frank Middleton,BID722,93,Computer Vision,2024-11-22
Stephen Gonzalez,DID107,64,SQL,2025-02-16
Charles Martinez,AID829,62,Statistics,2024-09-11
Thomas Butler,EID916,89,Statistics,2024-07-14
Corey Mcmahon,CID808,94,Statistics,2024-10-08
Joshua Miller,,76,Computer Vision,2024-10-15
Howard Padilla,BID819,72,ML Ops,2024-12-20
Matthew Stark,,64,Data Analysis,2025-01-08
Tiffany Brandt,AID602,95,NLP,2025-05-03
James Hill,EID704,68,SQL,2024-12-24
Michele Jones,,80,NLP,2024-09-08
Kristy Shepherd,,90,Statistics,2025-03-27
Jenny Griffin,DID498,94,ML Ops,2025-05-13
Mrs. Crystal Wilcox,CID556,74,Data Analysis,2025-01-30
Gabriella Garcia,,88,SQL,2024-08-03
Donald Garcia,BID167,92,Reinforcement Learning,2025-03-11
Anthony Ross,AID960,85,Computer Vision,2024-08-19
Christina Hoffman,BID687,76,Statistics,2024-06-17
Juan Gomez,DID597,95,Cloud,2024-09-06
Alicia Larson,DID917,94,Python,2025-03-08
Ariel Bishop,,86,SQL,2025-05-10
Michele Smith,,98,NLP,2025-04-27
Chad Bell,BID213,71,Statistics,2025-01-17
Donald Lewis,,76,ML Ops,2025-05-21
Nicole Gonzales,CID831,84,SQL,2025-05-13
Mark Boyer,CID714,100,Machine Learning,2025-02-13
Ian Lawrence,EID740,74,Computer Vision,2025-02-20
Chase Hayden II,DID943,76,SQL,2024-12-04
Keith Castro,AID140,98,ML Ops,2024-11-25
Jesse Flores,EID415,75,Machine Learning,2025-04-20
Steven Mcknight,,90,Python,2024-09-30
Anthony Miller,EID432,90,Python,2025-02-05
Tonya Williams,CID184,73,Reinforcement Learning,2024-08-21
John Harper,BID826,64,ML Ops,2024-08-19
Alicia Larson,AID228,64,Data Analysis,2024-06-01
Dr. Garrett Jackson,DID307,95,Reinforcement Learning,2024-07-18
Michael Carney,,96,Machine Learning,2024-07-19
Autumn Moreno,EID461,91,Python,2024-07-22
Christina Peck,BID137,91,NLP,2025-01-27
Yvonne Bennett,CID156,76,Reinforcement Learning,2025-04-30
Oscar Saunders,AID534,85,Computer Vision,2024-10-06
Susan Jones,CID631,99,Reinforcement Learning,2024-12-13
Heather Mccann,EID116,79,Machine Learning,2025-03-22
Jacob Williams,EID702,70,NLP,2024-07-27
Angela Pineda,EID601,99,Machine Learning,2024-09-04
Bryan Hobbs,DID940,71,Machine Learning,2024-06-27
Chelsea Davis,DID783,79,SQL,2025-01-01
George Anderson,CID870,70,Machine Learning,2025-03-09
Nina Butler,BID687,99,Python,2025-03-15
Keith Ellis,EID641,88,Cloud,2024-08-12
Louis Hughes,CID916,94,Statistics,2024-11-06
Andrea Lynch,,85,Computer Vision,2025-05-22
Jessica Barnett,DID836,80,Statistics,2024-08-06
Angela Bowman,BID525,75,Statistics,2024-08-07
Ian Lawrence,CID825,87,Reinforcement Learning,2025-04-01
Mrs. Kimberly Bentley PhD,DID638,67,Python,2025-05-12
Jay Cole,,62,Data Analysis,2025-05-15
Charles Kirby,,74,Cloud,2024-07-29
Andrew Payne,DID599,68,Machine Learning,2024-07-08
David Schmidt,EID497,82,Cloud,2025-03-12
Aaron Parks,EID530,74,Python,2024-11-18
Joseph Hill,BID246,89,Data Analysis,2025-05-22
Laura Hunt,DID939,80,Data Analysis,2024-12-21
Mario Hicks,BID273,80,Cloud,2024-11-01
Janice Fernandez,,93,Reinforcement Learning,2024-10-31
Jeff Miller,CID852,99,Statistics,2025-04-20
Jacqueline Farrell,DID406,72,Cloud,2024-10-26
Michelle Collins,DID870,88,Python,2025-02-19
James Bridges,EID517,94,SQL,2024-12-22
Michaela Gomez,,78,Statistics,2024-12-18
Tanner Gibson,CID971,95,Reinforcement Learning,2024-08-05
Lori Russell,AID276,66,Computer Vision,2024-12-29
Kimberly Myers,BID229,68,Statistics,2025-01-14
Dorothy Smith,CID643,63,NLP,2024-10-15
Katie Trevino,AID178,64,Cloud,2024-10-02
Jeffrey Fernandez,EID589,64,ML Ops,2025-04-02
Brian Cherry,,81,Statistics,2024-11-19
Tasha Harvey,BID303,71,Python,2024-05-28
Erica Lopez,AID212,60,Cloud,2024-06-07
Elizabeth Mclean,,63,ML Ops,2025-05-21
Jacob Barnett,AID324,98,ML Ops,2024-12-13
Sean Davidson,AID205,90,Python,2025-02-08
Craig Dyer,BID740,92,Python,2024-09-11
Kimberly Randolph,BID123,65,Cloud,2025-03-07
Mr. Justin Perez MD,BID736,77,ML Ops,2024-10-02
Destiny Fisher,CID143,95,Data Analysis,2024-11-24
Brian Young,CID403,92,Data Analysis,2024-12-25
Melissa Jones DDS,BID891,89,Reinforcement Learning,2025-04-05
Ann Jones,AID726,95,Data Analysis,2024-08-24
Terri Diaz,,96,Data Analysis,2024-12-17
Jonathan Gomez,BID465,80,Statistics,2024-11-13
Morgan Moore,BID827,69,Cloud,2024-07-05
Rebecca Vang,CID155,98,SQL,2025-05-13
John Johnson,BID838,95,Reinforcement Learning,2024-12-09
Courtney Williams,BID940,93,Statistics,2025-04-02
Sherry Morales,CID307,65,NLP,2024-12-23
Carmen Miller,,97,Machine Learning,2024-12-21
Willie Dixon,DID153,96,SQL,2024-09-30
Traci Garcia,DID940,97,SQL,2025-02-10
Jack Hutchinson,AID477,74,Python,2024-10-08
Alison Page,BID668,94,ML Ops,2025-02-02
Sharon Hamilton,DID521,98,ML Ops,2024-08-01
Kimberly George,BID870,83,Python,2024-12-01
Ashley Fisher,CID824,97,Computer Vision,2024-12-16
Jackie Clarke,BID357,93,Data Analysis,2025-04-22
Carlos Robles,AID103,81,Cloud,2024-07-01
Daniel Watson,CID765,83,Computer Vision,2025-01-22
Kenneth Bolton,BID873,73,Reinforcement Learning,2024-05-25
Samantha Reid,EID231,79,Statistics,2025-04-11
Kevin Wood,EID797,82,Machine Learning,2025-01-19
Daniel Sanders,BID610,71,SQL,2024-07-27
Bobby Williams,AID381,61,Cloud,2024-09-22
Kimberly Myers,DID553,93,Reinforcement Learning,2024-08-20
Lucas Arellano,EID211,80,Python,2025-02-12
Laura Vasquez,EID502,81,SQL,2024-09-06
Susan Thomas,,92,Reinforcement Learning,2024-05-28
Kathleen Blevins,EID710,86,Statistics,2024-08-02
Jeff Miller,BID449,86,NLP,2025-01-08
Melissa Zimmerman MD,CID948,78,Data Analysis,2024-10-11
Michael Juarez,EID307,65,ML Ops,2025-02-01
Nicholas Wood,EID948,62,Data Analysis,2025-04-25
Brandon Guzman,EID868,98,Computer Vision,2025-05-08
Ian Green,EID642,62,Machine Learning,2025-03-12
Stephen Nelson MD,BID968,86,Statistics,2025-05-08
Kevin Barry,BID272,61,NLP,2024-09-01
Gary Haynes,AID975,68,Computer Vision,2024-08-03
Tammy Mccann,,100,Python,2025-03-21
Donald Garcia,DID521,63,Reinforcement Learning,2024-10-15
Thomas Johnson,EID321,64,ML Ops,2024-10-31
Anthony Ferrell,EID240,99,Machine Learning,2024-08-04
Raymond Diaz,BID899,75,Statistics,2024-11-19
Julie Brooks,BID998,82,NLP,2024-08-15
Brandon Guzman,AID193,66,ML Ops,2024-12-10
Wanda Charles,,95,Data Analysis,2025-04-05
Sean Hampton,DID289,95,Reinforcement Learning,2025-03-25
Willie Dixon,AID320,70,NLP,2025-02-13
William Kelley,,62,Data Analysis,2025-03-19
Cynthia Prince,AID644,67,Python,2024-12-10
William Howell,CID597,95,Statistics,2025-04-14
Tammy Mccann,BID427,100,Reinforcement Learning,2025-01-25
Nicole Wright,AID400,99,Machine Learning,2024-09-28
Danielle Hogan,,93,Machine Learning,2024-10-18
Charles Kemp,AID949,79,ML Ops,2024-09-25
Miranda Allen,BID897,98,Data Analysis,2025-05-21
Stacy Wilson,,69,ML Ops,2024-08-05
Andrew Wong,,64,Cloud,2024-12-17
Curtis Kim,DID229,86,Statistics,2024-10-30
Paul Hawkins,DID343,97,Data Analysis,2024-12-27
Robert Ibarra,EID385,85,NLP,2025-02-20
Devin Whitaker,,81,Statistics,2025-04-12
Frank Garner,,91,Statistics,2024-09-11
Jacob Obrien,BID659,68,Python,2024-11-18
Michael Robertson,DID590,75,Cloud,2025-04-13
Keith Ellis,AID650,87,Computer Vision,2024-11-21
Edward Dixon,,92,Computer Vision,2024-07-03
Andrea Fernandez,DID918,90,Statistics,2025-05-13
Steven Archer,CID153,72,Reinforcement Learning,2024-10-08
Anthony Jackson,,61,Statistics,2024-09-20
Jennifer Smith MD,CID560,65,ML Ops,2024-12-11
Toni Brown,BID698,99,Python,2024-09-03
Patricia Whitaker,DID755,79,ML Ops,2024-12-30
Cynthia Hopkins,BID947,69,Statistics,2024-12-21
Joel Thompson,,61,Python,2024-07-21
Amanda Marsh,,61,NLP,2024-09-18
Luis Stephenson,AID900,74,Cloud,2025-02-13
Lauren Zamora,EID754,71,ML Ops,2024-07-03
Dana Lowe,BID461,88,ML Ops,2024-12-25
Kyle Anderson,BID924,100,NLP,2024-10-26
Charles Harrison,EID120,100,Computer Vision,2024-05-26
Joel Lang,AID941,68,Cloud,2024-06-21
Dennis Salinas,BID335,75,Statistics,2025-03-02
Michelle Houston,EID199,64,Cloud,2024-11-17
Candice Payne,BID606,63,Cloud,2024-12-19
Philip Hernandez,,83,Machine Learning,2025-02-21
Julie Green,BID332,66,Cloud,2025-02-13
Thomas Stokes,,80,Machine Learning,2024-10-11
Barry Pace,BID252,62,SQL,2024-07-11
Joyce Barrett,BID688,66,SQL,2024-09-29
Jasmine Perez,CID114,97,Cloud,2025-04-06
Craig Dyer,CID786,66,ML Ops,2024-08-21
Joshua Strickland,,69,Data Analysis,2024-08-18
Mark Santiago,BID328,71,Python,2024-12-29
Alexandria Allen,BID824,66,Python,2025-01-17
Denise Banks,CID115,98,Reinforcement Learning,2024-06-24
Shelia Lewis,EID853,94,Statistics,2024-10-08
Rose Nguyen,EID504,67,Python,2024-11-15
Michael Hess,BID768,99,NLP,2024-12-03
Michelle Ellis,DID844,93,Computer Vision,2024-05-27
Brandi Yoder,DID207,86,Computer Vision,2024-09-06
Holly Guzman,BID763,78,Computer Vision,2025-05-15
John Collier,AID658,76,Cloud,2024-10-23
Jacqueline Collins,EID210,93,Python,2024-12-09
Logan Mcmillan,,83,SQL,2024-08-04
Sean Cook,EID332,62,Reinforcement Learning,2024-06-17
Eric Keller,,70,Reinforcement Learning,2024-10-25
Earl Jimenez,AID891,93,Statistics,2025-02-21
Bradley Olson,AID502,63,Statistics,2025-03-29
Kristine Burnett,AID835,85,Reinforcement Learning,2024-09-27
Jeremy Norman,EID968,63,ML Ops,2024-10-13
Michelle Olson,CID516,100,NLP,2024-09-13
Michael Thornton,DID187,70,Data Analysis,2024-08-10
Mark Keller,BID774,70,SQL,2024-11-19
Heather Moran,EID148,92,Reinforcement Learning,2024-10-29
Michael Watkins,DID520,93,Python,2025-05-02
Brianna Snyder,EID399,63,Reinforcement Learning,2025-01-26
Isaiah Mcdonald,BID973,69,Reinforcement Learning,2025-05-11
Robert Rosario,DID758,63,Data Analysis,2025-04-11
Tyrone Lowery,DID580,85,Python,2024-12-18
David Anderson,DID948,95,Cloud,2025-02-04
Tracy Sanders,DID451,85,Machine Learning,2025-01-18
Sean Taylor,DID790,95,Machine Learning,2024-07-15
Rick Li,EID542,70,Python,2024-08-30
Anthony Byrd,BID329,64,SQL,2025-02-26
Dennis Salinas,AID398,63,Python,2024-07-07
Donna George,CID815,64,Machine Learning,2025-01-18
Crystal Perez,BID476,64,Machine Learning,2025-02-27
Keith Roberts,CID787,97,Python,2024-11-11
Cynthia Ellis,AID520,93,NLP,2025-04-02
David Hernandez,DID894,77,Python,2025-04-30
Madison Stevens,CID422,85,Data Analysis,2024-10-27
Jesse Francis,EID218,98,Statistics,2024-12-12
Peter Davis,BID548,68,SQL,2025-01-22
Paige Elliott,,68,NLP,2025-02-06
Danielle Miller,CID285,96,SQL,2025-03-07
Jamie Avila,CID766,63,Machine Learning,2025-01-11
Dale Davis,BID703,87,Machine Learning,2024-07-13
Mrs. Crystal Wilcox,CID388,86,Machine Learning,2024-10-13
Alexis Thompson,,76,Statistics,2024-06-01
David Garcia,BID157,89,Reinforcement Learning,2024-11-18
Kenneth Bolton,CID918,99,Data Analysis,2024-07-15
Christopher Gates,,85,Computer Vision,2024-09-20
Joseph Beck,CID274,82,ML Ops,2025-04-25
Robert Gay,CID510,83,Python,2024-10-31
Mrs. Michelle Kent DDS,CID514,84,Statistics,2025-02-01
Teresa Mcconnell,EID820,63,ML Ops,2024-11-30
Cheryl Bennett,DID253,76,Reinforcement Learning,2025-05-06
Jose Johnson,AID431,82,Statistics,2024-08-31
Jason Wallace,BID236,79,SQL,2025-01-15
Robert Butler,,96,NLP,2024-11-08
Carrie Powell,BID655,97,Python,2024-10-27
Juan Shea,EID112,87,Cloud,2024-11-19
Heather Cooper,AID420,88,NLP,2025-04-12
Paige Adams,EID277,84,NLP,2025-05-04
Johnathan Alvarez,AID351,91,NLP,2024-08-16
Emily Jones,EID160,67,ML Ops,2024-11-18
Stephanie Bruce,CID223,69,Computer Vision,2024-09-27
Yvonne Benitez,BID133,67,Cloud,2024-10-26
Anthony Ross,,79,ML Ops,2025-01-28
Robin Miller,,75,ML Ops,2024-11-03
Morgan Porter,BID872,95,Python,2024-11-13
Tony Perkins,EID246,86,Computer Vision,2025-03-20
Alexander Armstrong,,67,NLP,2024-12-22
Dennis Beck,EID573,67,Statistics,2024-08-31
Tanner Myers,BID998,75,Reinforcement Learning,2024-07-04
Taylor Crawford,DID609,100,ML Ops,2025-02-10
Nicole Bullock,CID985,97,Computer Vision,2024-08-27
Crystal Garcia,DID858,99,NLP,2025-01-05
Lori Russell,,60,Machine Learning,2024-10-05
Michele Hunt,CID496,64,Computer Vision,2024-12-11
Bill Cannon,CID731,77,Statistics,2024-12-24
Carolyn Reilly,AID237,67,SQL,2024-12-17
Lisa Horton,CID288,100,Computer Vision,2025-05-05
Lisa Oliver,AID731,88,ML Ops,2024-10-10
Holly Johnson,DID256,82,ML Ops,2025-01-07
Tiffany Williams,EID714,95,Statistics,2024-07-22
Tiffany Simon,CID420,87,Data Analysis,2024-07-20
Julie Anderson,,87,Statistics,2025-01-26
Carrie Powell,AID637,91,Data Analysis,2024-08-31
Robert Hicks,EID521,63,Reinforcement Learning,2024-08-10
Wanda Charles,CID615,75,Data Analysis,2024-10-12
Cassandra Willis,CID213,100,Statistics,2024-07-20
Michael Newman,AID791,98,SQL,2025-02-16
Susan Thomas,CID759,80,ML Ops,2025-04-15
Mark Hernandez,EID429,92,Data Analysis,2025-02-14
Kathleen Owens,AID909,98,Data Analysis,2025-05-06
Holly Flowers,BID746,96,Cloud,2024-10-26
Bryan Daniels,DID766,95,SQL,2025-05-02
Candice Austin,DID881,80,Cloud,2025-04-17
Jordan Brown,AID430,78,Reinforcement Learning,2025-05-16
Seth Haley,AID419,80,Python,2025-01-19
James Ross,DID213,85,NLP,2025-04-24
Andrew Hunt,AID333,91,Python,2025-04-09
Taylor Morales,EID793,88,ML Ops,2024-07-31
Nicholas Stevens,DID811,85,NLP,2025-03-31
George Anderson,BID364,96,SQL,2024-06-01
Ashley Carson,BID928,99,NLP,2025-04-14
Elizabeth Hampton,CID554,68,Cloud,2024-06-17
Tonya Harris,,74,Reinforcement Learning,2025-05-13
Steve Ortiz,CID132,100,NLP,2025-05-25
Allison Daniel,BID303,78,NLP,2024-07-13
Philip Cohen,DID275,71,ML Ops,2025-04-24
Jill Raymond,AID990,79,NLP,2024-11-17
Maurice Oneill,DID262,75,ML Ops,2024-09-08
Cathy Parker,EID544,68,SQL,2024-07-23
Lawrence Nunez,EID453,83,Reinforcement Learning,2025-05-16
Sherri Bennett,,60,Machine Learning,2024-09-26
Angela Watkins,BID216,85,Computer Vision,2024-10-15
Donald Morales,CID248,98,SQL,2025-03-05
Joseph Ramirez,AID505,87,Machine Learning,2024-09-16
Brittany Lee,AID981,77,NLP,2024-12-04
Calvin Ray,EID165,64,Statistics,2024-05-28
Craig Martinez,EID973,95,Computer Vision,2024-10-26
Kristen Phillips,EID727,86,Cloud,2025-03-23
Andrea Lynch,,99,Statistics,2025-05-06
James Lee,BID588,98,NLP,2025-01-05
Alan Vazquez,DID348,71,Cloud,2025-03-27
Cheryl Black,AID526,68,Python,2024-10-17
Justin Clayton,,74,SQL,2025-03-07
Susan Leblanc,EID460,80,Computer Vision,2024-09-26
Courtney Guzman,EID149,69,NLP,2024-12-21
Sarah Hughes,BID958,70,ML Ops,2025-02-05
Michael Francis,BID928,69,ML Ops,2025-01-02
Denise Castillo,BID807,68,SQL,2025-01-05
Jonathan Gomez,BID382,69,NLP,2024-08-27
Juan Castaneda,DID167,99,NLP,2024-06-30
Angela Young,BID755,80,Cloud,2025-02-27
Debbie Malone,BID340,91,Machine Learning,2024-08-14
Ronald Padilla,AID648,87,Cloud,2024-09-26
Traci Garcia,EID361,96,Statistics,2024-06-26
Jasmine Austin,BID722,97,Python,2024-11-11
Thomas Thomas,BID291,75,Machine Learning,2024-09-27
Kevin Henry,DID217,98,Statistics,2024-08-21
Robert Rivera,BID960,61,Cloud,2025-01-18
Mario Hicks,DID601,75,Computer Vision,2024-12-01
Alexis Crosby,DID951,86,SQL,2024-12-27
Johnny Edwards,EID252,82,Python,2024-08-20
Savannah Tran,,77,ML Ops,2025-01-23
Walter Miller,BID513,73,SQL,2025-04-03
Jennifer Navarro,CID913,75,Computer Vision,2025-04-11
Dr. James Becker,AID960,68,Reinforcement Learning,2024-08-17
Richard Rodriguez,DID785,90,Reinforcement Learning,2024-12-17
Elizabeth Costa,EID766,96,Reinforcement Learning,2025-04-23
Ariel Martin,EID419,79,Reinforcement Learning,2025-03-28
Nicholas Higgins,CID370,89,Data Analysis,2025-05-10
Megan Zimmerman,AID496,81,SQL,2024-06-02
Angela Leon,CID165,83,ML Ops,2024-11-22
Gregory Green,AID589,60,Data Analysis,2025-04-17
Scott Johnson,EID484,78,Python,2024-11-17
Bradley Reed,AID304,73,Machine Learning,2024-08-16
Nicole Clark,,94,NLP,2024-08-09
Walter Miller,BID272,87,ML Ops,2024-07-20
Michael Garcia,AID406,72,NLP,2025-05-21
Amber Castillo,EID710,90,Python,2025-01-30
Thomas Johnson,DID699,88,Reinforcement Learning,2024-06-10
Jennifer Wood,BID820,93,Computer Vision,2025-03-30
Jamie Avila,AID710,84,Computer Vision,2024-12-09
Brenda Anderson,DID650,64,Python,2024-09-12
Carmen Miller,CID212,99,Statistics,2024-07-30
Savannah Rosales,DID891,77,Data Analysis,2024-11-20
Kyle Cox,,97,Python,2024-10-02
Erin Dixon,CID518,65,ML Ops,2024-09-22
William Thomas,BID425,98,Statistics,2024-06-27
Kristie Mcdaniel,DID977,72,Python,2024-11-04
Pamela Henry,BID210,75,Cloud,2025-02-14
Sherry Jones,BID683,92,SQL,2025-04-11
Justin Stephenson,CID233,60,NLP,2024-10-19
Bradley Reed,AID110,64,Machine Learning,2025-01-15
Tyrone Lowery,CID708,78,ML Ops,2025-03-28
Nicole Bullock,AID589,87,ML Ops,2025-01-16
Manuel Johnson,EID477,64,Computer Vision,2024-11-06
Mark Wilson,DID849,73,Python,2025-05-03
Mrs. Robin Scott,,69,Data Analysis,2024-06-23
Stephanie White,AID942,91,Computer Vision,2024-06-07
Dakota Reed,BID630,79,Cloud,2025-03-02
Angela Rodriguez,,64,Reinforcement Learning,2024-12-19
Jesse Flores,,87,Data Analysis,2025-05-18
Kelli Zavala,BID512,71,ML Ops,2025-03-16
Peter Franklin,AID507,60,SQL,2025-01-04
Raymond Flynn,EID312,84,Python,2024-07-29
Amanda Hawkins,BID374,71,Statistics,2024-10-14
Jacqueline Miller,EID449,71,Machine Learning,2024-12-22
Ashley Harvey,AID197,77,Machine Learning,2024-07-26
Andrew Lopez,DID488,77,Machine Learning,2024-07-30
Savannah Galvan,BID653,83,NLP,2024-06-26
Richard Quinn,AID477,92,NLP,2024-10-05
Jessica Rubio,EID734,75,Reinforcement Learning,2024-09-02
Ryan Santiago,DID675,68,Reinforcement Learning,2025-03-08
Bradley Olson,EID239,64,Data Analysis,2024-10-01
Kyle Patrick,BID974,98,Statistics,2024-10-04
Lawrence Richards,BID552,93,Statistics,2025-05-15
Michael Newman,,84,Computer Vision,2025-05-09
John Collier,AID276,67,Cloud,2025-03-22
Victoria Matthews MD,AID302,83,Computer Vision,2024-07-07
Katie Miller,AID598,81,Data Analysis,2024-05-25
Daniel Romero,CID716,96,Data Analysis,2025-05-15
Timothy Lee,DID774,97,Machine Learning,2025-03-03
Vanessa Woods,EID870,88,Statistics,2024-07-06
Adam Welch,DID486,73,ML Ops,2024-08-23
Kathy Forbes,EID569,80,Machine Learning,2024-10-17
Tracy Green,DID962,95,Data Analysis,2025-04-30
Nicole Gonzales,CID829,74,NLP,2024-08-12
Charles Williams,CID751,93,Machine Learning,2025-05-19
Lori Figueroa,EID186,63,Reinforcement Learning,2024-06-26
Ashley Walker,AID786,86,Computer Vision,2024-07-18
Brandi Yoder,EID716,76,Reinforcement Learning,2025-02-25
Susan Cardenas,,68,NLP,2024-07-30
Joel Fox,BID977,72,Data Analysis,2024-12-11
Patrick Cole,DID202,73,Statistics,2024-08-18
Vanessa Sandoval,DID545,64,Python,2024-08-16
Ricardo Wilson,AID525,74,Reinforcement Learning,2024-11-22
Justin Clayton,AID966,69,Machine Learning,2024-08-26
Morgan Huang,CID172,76,Python,2024-06-10
Henry Olsen,CID136,85,Reinforcement Learning,2025-02-13
Michelle Adams,CID702,97,Python,2025-05-01
Lisa Greer,EID473,63,Data Analysis,2024-06-14
Tamara Ibarra,EID729,85,Reinforcement Learning,2024-12-15
Cheryl Fletcher,DID232,82,Reinforcement Learning,2024-06-15
Glen Jones,BID634,97,Machine Learning,2024-12-02
Eric Morrison,AID635,79,Computer Vision,2024-12-09
Stephanie Juarez,AID827,62,Machine Learning,2024-06-08
James Hill,DID174,75,Statistics,2025-01-31
Brian Parks,EID765,94,Machine Learning,2024-12-03
Sabrina Garrison,CID578,79,SQL,2025-01-06
Benjamin Bates,EID867,75,Computer Vision,2024-06-15
Michael Hammond,EID933,63,Computer Vision,2024-09-18
Anthony Hall,,85,Reinforcement Learning,2025-02-24
Kim Hunter,BID578,70,Reinforcement Learning,2025-04-19
Ryan Santiago,CID912,81,Machine Learning,2024-07-23
Eric Keller,BID273,77,Cloud,2025-05-24
Christian Hernandez,EID250,100,NLP,2025-01-29
Nancy Smith,,79,Cloud,2025-01-26
Daniel Williams,AID952,64,SQL,2025-02-14
Joseph Hunt,BID826,65,Data Analysis,2025-01-09
Destiny Fisher,,67,ML Ops,2024-12-24
Jill Flynn,EID367,93,Computer Vision,2025-05-05
Tara Jarvis,CID700,82,Cloud,2024-06-17
Jennifer Sandoval,CID414,65,Machine Learning,2025-04-08
Philip Hansen MD,EID348,77,Python,2025-01-16
Kelsey Ortiz,DID628,75,Data Analysis,2025-05-04
Matthew Johnson,CID567,77,Cloud,2024-10-14
Anne Dunn,,68,NLP,2024-09-20
Jorge Sanders,DID577,79,Reinforcement Learning,2024-12-16
Dorothy Smith,AID314,75,Data Analysis,2024-12-19
Frank West,BID716,83,SQL,2024-07-24
Tiffany Brown,AID253,96,SQL,2025-01-22
Mrs. Heather Bishop,CID706,78,Machine Learning,2024-07-29
Justin Williams,DID576,85,Data Analysis,2024-06-14
Sharon Townsend,,69,Cloud,2025-05-15
Cynthia Schneider,BID593,90,Python,2024-09-15
Evelyn Webb,AID947,89,Computer Vision,2024-10-28
Justin Adams,EID360,99,Python,2024-11-17
Tamara Gilbert,AID720,69,NLP,2025-03-24
Jacob Obrien,BID164,69,NLP,2024-12-11
David Bean,,94,Reinforcement Learning,2024-06-30
Michael Richardson,AID109,67,Cloud,2025-02-01
Randall Black Jr.,DID125,67,ML Ops,2024-07-29
Stacy Duncan,DID604,60,Data Analysis,2024-08-20
Tracy Lopez,,93,ML Ops,2024-11-15
Joel Fox,DID680,71,Reinforcement Learning,2024-06-20
Gary Osborne,CID954,61,Machine Learning,2025-01-10
Brittany Craig,,99,Statistics,2025-01-07
Candice Austin,BID768,86,Data Analysis,2024-09-05
Cheryl Lewis,,67,Reinforcement Learning,2024-05-29
Lisa Villegas,CID383,88,Computer Vision,2024-07-11
Victoria Matthews MD,BID404,69,Machine Learning,2025-03-18
Stacey Washington,DID815,91,Machine Learning,2025-01-16
Laura Briggs,EID383,62,Machine Learning,2024-12-26
Morgan Huang,EID272,68,Machine Learning,2025-05-06
Michelle Smith,CID221,82,Statistics,2024-05-28
Justin Garcia,DID541,64,Cloud,2025-05-08
Courtney Williams,AID149,83,Python,2025-02-14
Jennifer Payne,BID503,78,Python,2024-07-14
Alexis Gentry,EID649,82,Data Analysis,2024-12-18
Emily Hayes,DID423,95,Python,2025-01-16
William Bell,AID691,93,Python,2025-01-25
Taylor Crawford,BID614,98,Reinforcement Learning,2025-04-19
Christopher Greene,DID386,77,Machine Learning,2025-04-23
Nicholas Lara,AID946,70,Machine Learning,2025-01-01
Stacey Wood,,82,SQL,2024-09-23
John Lawson,EID379,83,NLP,2024-06-13
Dennis Bryant,BID808,78,Data Analysis,2024-12-29
Nicole Owens,BID728,88,Computer Vision,2024-12-22
Michael Butler PhD,EID874,61,ML Ops,2024-07-20
Carrie Knight,AID122,87,Statistics,2025-03-19
James Norman,CID194,87,Cloud,2024-10-29
Kenneth Hampton,CID347,76,SQL,2025-03-07
Kevin Davis,BID647,99,Machine Learning,2024-12-28
Charlotte Garner,AID734,83,ML Ops,2024-10-29
Frank Berger,EID962,63,Statistics,2024-12-08
Joseph Walker,AID620,67,SQL,2024-10-12
Erica Nunez,CID763,74,Computer Vision,2024-06-24
Tina Anderson,AID516,63,Data Analysis,2024-12-15
Lauren Cervantes,DID395,88,Computer Vision,2025-01-28
James Powers,CID978,91,Reinforcement Learning,2024-06-12
Leonard Frazier,DID338,76,ML Ops,2024-12-22
Susan Kelley,CID746,68,NLP,2024-08-11
Richard Burgess,CID320,77,Reinforcement Learning,2025-05-19
Charles Russo,AID246,65,Reinforcement Learning,2024-06-13
Pamela Thornton,CID201,78,Python,2024-07-14
Austin Clayton,BID255,87,Machine Learning,2024-08-08
Natasha Williamson,AID400,99,SQL,2024-10-21
Gwendolyn Edwards,AID513,65,Computer Vision,2025-01-27
Andrew Paul,,98,Statistics,2024-12-15
Michael Wilson,DID495,84,Statistics,2025-01-06
James Gonzalez,DID884,74,SQL,2025-01-17
Stephen Nelson MD,AID586,86,Data Analysis,2024-12-08
Laura Reed,CID729,68,Reinforcement Learning,2024-08-15
Kelly Tate,EID152,87,Python,2025-04-26
Eileen Harrington,EID315,82,Python,2024-12-31
Daniel Romero,AID628,62,SQL,2024-10-14
Joshua Riley,AID676,99,Computer Vision,2024-11-14
Gloria Brooks,DID297,80,Reinforcement Learning,2025-03-05
Mr. David Collins,,67,SQL,2025-04-02
Brittany Peters MD,AID979,71,Cloud,2024-07-17
Tracy Green,BID553,66,SQL,2024-11-20
Stephanie Porter,AID121,97,Python,2025-02-06
John Collier,DID369,100,Computer Vision,2024-10-15
Michael Robertson,CID494,72,Python,2024-09-28
Frank West,EID543,76,Computer Vision,2024-08-14
Eileen Harrington,,63,Data Analysis,2024-07-03
Stephanie Oconnor,DID931,100,Machine Learning,2024-10-17
Christopher White,AID837,62,Data Analysis,2024-08-17
Andrew Barrera,EID224,86,Python,2025-04-05
Stacy Wilson,DID913,63,ML Ops,2024-11-11
Tanner Freeman,,95,Machine Learning,2024-09-07
Timothy Garcia,CID796,100,Python,2024-11-07
Amy Cline,CID743,76,Python,2025-03-24
Andrew Lopez,AID712,94,Data Analysis,2024-05-30
Lauren Ryan,DID448,81,Reinforcement Learning,2025-02-28
Christian Hernandez,BID372,82,Statistics,2024-10-13
Carrie Powell,AID554,85,Cloud,2025-03-12
Katie Green,AID352,60,Statistics,2024-06-29
Andrew Wong,AID860,71,Data Analysis,2024-12-01
Anthony Ross,EID344,90,Statistics,2024-08-08
Mr. Sean Escobar,,97,Machine Learning,2024-12-10
Sandra Morgan,AID137,85,ML Ops,2024-12-07
Matthew Singh,CID164,82,ML Ops,2024-11-02
Isaac Williamson,AID323,100,SQL,2024-10-29
Scott Flores,AID451,61,Reinforcement Learning,2024-09-06
Timothy Cherry,AID447,90,Machine Learning,2024-06-15
Morgan Garcia,CID226,92,ML Ops,2025-02-28
Jacob Williams,CID668,95,Machine Learning,2024-10-01
Kyle Hoover,DID736,75,ML Ops,2024-12-09
Ryan Hart,EID241,60,Machine Learning,2025-03-04
Laura Hunt,CID756,74,ML Ops,2024-12-14
Paul Ewing,DID215,77,NLP,2025-04-27
Cody Guerrero,AID409,96,Python,2024-08-16
James Cline,,76,Reinforcement Learning,2024-07-06
Ricardo Wilson,CID790,63,SQL,2024-10-05
Erica Nguyen,AID773,74,Python,2024-09-14
Samuel Hines,DID648,77,Computer Vision,2024-11-24
Anna Newman,CID738,68,Data Analysis,2025-04-28
Michelle Gallagher,EID848,61,Cloud,2024-09-07
Patrick Cole,DID167,63,Reinforcement Learning,2024-10-28
William Thomas,DID225,67,SQL,2024-11-01
Courtney Williams,CID475,76,Python,2024-12-02
Anthony Sanchez,CID299,85,ML Ops,2024-05-29
Charlotte Garner,CID656,68,Data Analysis,2024-10-31
Caleb Gallagher,AID883,95,SQL,2025-04-08
Brenda Anderson,DID296,64,Computer Vision,2025-02-06
Mark Keller,DID687,82,ML Ops,2024-08-31
Zachary Tran,DID873,68,SQL,2025-02-10
Mrs. Heather Bishop,,83,Data Analysis,2024-07-25
James Stokes,CID610,71,Reinforcement Learning,2025-03-05
Rodney Goodwin,,97,ML Ops,2024-09-23
Richard Thomas,AID980,69,SQL,2025-04-22
Brian Howard DDS,AID515,79,NLP,2025-02-25
Jeffrey Brown,CID514,70,Cloud,2024-10-28
Anthony Ferrell,CID636,82,NLP,2024-11-24
Michael Ryan,EID379,69,Data Analysis,2024-08-15
Kathleen Smith,DID151,64,Statistics,2024-11-21
Bryan Tucker,DID417,76,Data Analysis,2024-08-28
Taylor Morales,CID967,60,Computer Vision,2025-05-09
Ashley Singleton,EID204,88,Computer Vision,2025-04-23
Rose Bennett,EID855,100,Data Analysis,2025-03-07
Kelly Landry,AID675,87,Computer Vision,2024-12-21
Natalie Lewis,BID217,73,NLP,2024-06-26
Larry Nixon,,100,Reinforcement Learning,2024-07-23
Mr. Blake Williams,BID661,82,Reinforcement Learning,2025-01-16
Jacob Obrien,,66,Statistics,2024-10-25
Rachel Garner,EID838,90,Computer Vision,2025-04-24
Derek Jennings,,86,Python,2024-10-06
Mary Lam,DID404,85,SQL,2024-07-27
Robert Bryant,BID341,81,Reinforcement Learning,2024-09-05
Lisa Brown,EID395,61,Machine Learning,2024-11-13
Mandy Hale,EID279,95,SQL,2024-10-14
Michael Newman,DID446,96,Cloud,2024-08-30
Brianna Vasquez,EID482,68,ML Ops,2024-06-17
Kevin Chung,AID352,60,Computer Vision,2024-08-09
Michael Stephens,EID422,60,Data Analysis,2025-01-30
Karla Wilson,AID594,69,ML Ops,2024-08-07
Jeanne Morales,DID876,67,NLP,2025-01-25
Rodney Zimmerman,EID521,70,NLP,2024-07-02
David Mccarthy,BID499,87,ML Ops,2024-10-19
Nathan Simpson,CID319,62,Data Analysis,2024-09-09
Stephanie Bruce,AID562,79,Cloud,2024-11-11
Damon Russell,EID893,66,Cloud,2025-03-21
Ryan Poole,DID996,60,Data Analysis,2024-08-11
Christopher Avila,CID521,80,NLP,2025-05-20
Hannah Watts,CID437,85,Reinforcement Learning,2025-04-06
Joseph Hunt,DID852,61,Data Analysis,2024-06-20
Michael Newman,EID574,80,Python,2024-11-13
Dr. Edward Leblanc,EID679,88,SQL,2025-02-11
Michael Hammond,BID247,86,Reinforcement Learning,2024-06-28
Cassandra Willis,BID984,60,Computer Vision,2024-06-06
Alejandra Beasley,CID143,77,Cloud,2024-11-12
Stephen Gonzalez,,78,Reinforcement Learning,2025-01-02
Christina Gallagher,DID478,88,ML Ops,2024-11-19
Michael Richardson,,71,Machine Learning,2025-02-04
Andrew Lopez,CID123,81,Machine Learning,2024-09-11
Kimberly George,BID805,85,Cloud,2024-06-02
Michelle Perez,EID245,70,Reinforcement Learning,2024-10-11
Rebecca Boyd,DID718,61,Statistics,2025-02-15
Melissa Chen,BID743,61,Machine Learning,2024-07-11
Valerie Jackson,BID119,99,Data Analysis,2024-12-01
Molly Nelson,CID208,79,Cloud,2024-09-11
Rebecca Mckinney,BID813,73,ML Ops,2024-11-21
Sean Cooper,DID581,64,Python,2024-12-17
Christopher Maldonado,EID462,92,Data Analysis,2024-05-29
Paul Pollard,BID646,75,Computer Vision,2025-03-16
David Bean,CID873,92,Cloud,2024-05-28
Kathleen Bailey,,76,Machine Learning,2024-11-09
Barry Pace,AID623,100,Machine Learning,2024-09-03
Aaron Parks,,71,ML Ops,2025-03-26
Tonya Burton,,89,SQL,2025-02-05
Michael Ingram,CID710,76,Python,2025-05-13
Julia Hall,DID263,66,NLP,2024-11-13
Michael Williams,EID710,64,Machine Learning,2024-07-26
Stanley Watson,EID868,90,ML Ops,2024-11-01
Cheryl Campos,DID324,68,Data Analysis,2024-12-27
Roy Boyer,DID554,82,Computer Vision,2024-12-11
Darlene Lopez,CID122,96,ML Ops,2024-09-30
Ryan Santiago,AID265,70,SQL,2025-03-19
Isabella Myers,DID245,65,Cloud,2025-02-28
Natasha Howard,AID137,85,Computer Vision,2024-09-23
Courtney Weber,EID242,76,ML Ops,2024-09-10
Leroy Ortiz,CID415,61,NLP,2024-07-30
Katherine Bush,DID969,61,SQL,2024-12-15
Jose Johnson,DID805,83,SQL,2024-06-05
Michael Rhodes,AID997,91,Data Analysis,2024-12-05
Zachary Kramer,EID753,65,Machine Learning,2025-01-01
Michael Francis,EID326,81,SQL,2025-05-10
Hannah Woods,DID851,87,NLP,2024-09-11
Sherri Bennett,BID338,81,NLP,2025-01-06
Jacob Gonzalez,AID388,73,Reinforcement Learning,2024-12-13
Robert Reese,AID111,93,ML Ops,2024-11-09
Veronica Taylor,AID585,75,Reinforcement Learning,2025-04-13
Vanessa Berger,DID912,67,Computer Vision,2024-07-02
John Manning,,75,Statistics,2024-05-26
Gilbert Moses,,62,NLP,2024-10-27
Curtis Kim,AID883,64,Reinforcement Learning,2024-12-21
Gary Osborne,DID791,87,Cloud,2024-06-06
Susan Leblanc,BID811,90,Statistics,2025-05-23
Jared Norton,CID368,88,Cloud,2025-02-05
Marvin Baker,BID567,75,Data Analysis,2024-10-04
Michael Johns,DID228,66,NLP,2025-04-16
Eric Byrd,,65,NLP,2024-07-31
Michele Stevenson,EID858,87,NLP,2024-07-24
Kirk Zhang,,92,Machine Learning,2024-12-03
Gina Campbell DDS,AID585,98,Reinforcement Learning,2024-07-27
Earl Jimenez,AID569,83,Computer Vision,2025-04-17
Kaitlin Thomas,DID836,74,Computer Vision,2025-05-15
Sandra Evans,EID281,66,SQL,2024-07-13
Thomas Johnson,EID176,96,Machine Learning,2025-03-22
Joshua Gonzalez,DID529,100,Data Analysis,2024-12-30
Jamie Williams,,75,ML Ops,2025-04-09
Peter Williams,DID328,66,ML Ops,2024-08-15
Angela Ward,DID438,69,Reinforcement Learning,2025-04-02
Monique Garcia,EID874,80,Computer Vision,2024-11-09
Taylor Crawford,EID520,60,SQL,2025-04-06
Curtis Price,BID794,78,Statistics,2025-02-24
Jonathan Mercado,DID674,94,SQL,2024-11-22
Michael Ewing,DID929,68,Python,2024-11-02
Manuel Johnson,BID677,81,Data Analysis,2024-12-27
Aaron Williams,CID302,79,Machine Learning,2024-11-22
Emily Hawkins,,74,Reinforcement Learning,2024-12-30
Katie Trevino,AID989,93,Machine Learning,2024-06-05
Tara Flores,EID191,80,Statistics,2024-08-16
Marc King,DID225,69,Data Analysis,2025-03-03
Kimberly James,AID152,86,Computer Vision,2024-09-13
Kevin Johnson,BID917,90,Machine Learning,2025-05-17
Spencer Dunlap,EID386,87,Reinforcement Learning,2025-03-02
Stephanie Juarez,,71,Computer Vision,2025-04-28
Kelly Good,AID282,98,SQL,2024-12-22
Thomas Carter,,100,Computer Vision,2024-10-15
Jessica Bates,DID153,65,Data Analysis,2024-08-16
Jerry Kemp,DID846,75,SQL,2024-09-25
Lori Kim,BID896,88,Cloud,2025-05-02
Kenneth Eaton,EID293,79,SQL,2024-10-02
Cynthia Ellis,DID246,88,Python,2024-12-27
Joshua Hunt,BID281,95,Statistics,2025-04-24
Christopher Anderson,AID600,89,ML Ops,2025-01-30
Christopher White,AID193,91,Data Analysis,2025-05-23
Margaret Rodriguez,BID213,90,Reinforcement Learning,2024-12-27
Veronica Mann,CID457,76,Python,2024-12-12
David Cooper,EID635,77,Computer Vision,2024-12-23
Mario Stanley,DID506,73,Reinforcement Learning,2024-08-26
Devin Whitaker,AID261,66,Data Analysis,2024-08-17
Craig Dyer,BID480,62,ML Ops,2024-08-07
Tracy Kennedy,CID249,66,Machine Learning,2024-07-13
Amy Sanchez,EID134,76,Cloud,2024-09-23
Tricia Jackson,BID195,81,Data Analysis,2024-06-16
Tammy Mccann,AID409,71,Statistics,2025-01-30
Mark Smith,BID551,70,Computer Vision,2025-03-13
Samantha Jones,BID554,75,Data Analysis,2025-04-06
Christina Benson,BID351,75,Computer Vision,2025-03-19
Oscar Johnston,DID866,62,SQL,2024-09-30
Terry Arnold,BID423,94,Machine Learning,2024-09-01
Kristin Myers,BID397,67,SQL,2025-05-17
Susan Jones,,84,Data Analysis,2024-10-25
Rebekah Powell,EID921,70,Computer Vision,2024-08-15
Stanley Watson,EID197,95,ML Ops,2024-12-16
Philip Hernandez,CID299,94,Reinforcement Learning,2024-07-01
Michael Gilmore,EID172,86,Reinforcement Learning,2025-04-21
Tabitha Johnson,AID891,66,ML Ops,2024-08-22
Ryan Scott,AID621,80,Machine Learning,2025-01-04
William Brown,EID222,81,Cloud,2024-07-07
Lisa Reynolds,BID330,65,Statistics,2025-04-01
Steve Ortiz,,69,SQL,2024-06-26
David Anderson,AID231,82,SQL,2024-10-10
John Clay,BID898,65,NLP,2025-03-17
Jennifer Vega,AID956,67,Computer Vision,2024-10-21
Tina Haynes,,78,SQL,2025-02-28
Erik Cowan,CID115,62,Reinforcement Learning,2024-06-10
Christine Rivas,EID348,62,Python,2024-12-13
Angela Bowman,DID422,95,Data Analysis,2025-02-24
Victoria Matthews MD,CID490,64,NLP,2024-11-12
Timothy Gill,EID155,100,Data Analysis,2024-08-14
William Howell,AID471,73,Data Analysis,2024-07-30
Noah Wiley,DID619,72,NLP,2024-12-12
Jennifer Garcia,,64,Python,2024-06-23
Ronald Morrison,AID438,100,NLP,2024-09-23
Russell Pennington,DID885,99,Python,2025-01-22
Amy Kirby,CID997,85,Machine Learning,2024-08-22
Jennifer Fox,CID281,69,Data Analysis,2025-03-23
Christopher Scott,,72,SQL,2025-02-26
Bryan David,BID440,97,Reinforcement Learning,2025-05-11
Marissa Clark,DID246,95,SQL,2024-09-25
Sonya Brown,CID511,83,Computer Vision,2025-04-01
Sarah Ortiz,DID382,87,Computer Vision,2024-10-10
Christine Thompson,CID888,85,SQL,2024-10-11
Tracy Ramirez,BID452,71,Statistics,2024-09-14
Jack Hutchinson,EID210,74,SQL,2024-10-20
Joel Barrett,,96,NLP,2025-04-28
Melissa Hoffman,,80,ML Ops,2025-01-29
Tiffany Preston,DID293,64,Computer Vision,2024-06-20
Alison Page,,70,Statistics,2025-03-16
Barbara Cortez,DID604,71,ML Ops,2024-11-15
Douglas Hunt,CID584,64,Computer Vision,2024-08-25
Duane Gibson,EID805,64,Statistics,2024-12-23
Joshua Lam,EID783,96,Computer Vision,2025-01-19
Virginia Bell,CID641,91,Cloud,2025-03-06
Jesse Wise,,87,NLP,2024-07-11
Kevin Chaney,EID869,89,Python,2025-03-28
Richard Burgess,DID705,83,Cloud,2025-04-23
Michael Gilbert,CID876,72,Statistics,2024-06-28
Wayne Moore,DID801,92,Reinforcement Learning,2025-04-19
Sergio Richard,DID541,61,SQL,2024-07-23
Richard Thomas,EID507,93,Cloud,2025-03-24
Cody Ramos,AID790,60,Reinforcement Learning,2025-04-09
Jesse Flores,EID177,74,ML Ops,2025-04-10
Devin Anderson,EID479,95,Reinforcement Learning,2024-06-04
Tiffany Brandt,AID593,91,Machine Learning,2024-07-26
Nancy Mclaughlin,CID425,76,Reinforcement Learning,2025-02-25
Keith Castro,DID300,100,SQL,2024-08-24
Juan Gomez,,72,Reinforcement Learning,2024-12-15
Nicholas Stevens,BID544,66,ML Ops,2024-09-30
James Sanders,EID947,89,NLP,2024-12-06
Brandon Guzman,EID942,61,Data Analysis,2025-04-01
Roy Thomas,,90,Reinforcement Learning,2024-11-24
Christine Rivas,AID597,79,Statistics,2025-04-18
William Glenn,CID218,83,Statistics,2024-09-30
Louis Clark,EID903,61,Computer Vision,2024-12-03
Allen Medina,BID185,73,SQL,2024-10-31
Jennifer Thomas,AID889,90,Reinforcement Learning,2025-02-09
Jacob Obrien,,77,SQL,2024-09-03
Emily Walker,EID494,97,Statistics,2024-12-08
Donald Morales,AID120,63,Python,2024-07-07
Natalie Kim,AID445,92,NLP,2024-06-02
Justin Simmons,,69,ML Ops,2024-08-21
Christina Park,CID169,67,ML Ops,2024-12-08
Jacob Washington,DID204,93,NLP,2025-04-20
Jennifer Diaz,BID979,70,ML Ops,2025-01-27
Lawrence Richards,EID162,96,Statistics,2025-02-28
Danielle Ortega,BID892,95,NLP,2024-07-09
Kyle Cox,BID951,75,Machine Learning,2024-12-20
Jack Murphy,DID717,71,Data Analysis,2024-09-22
Ricky Mathis,CID910,95,Data Analysis,2025-05-05
Dana Yoder,CID937,94,Data Analysis,2024-09-17
Amy Williams,AID130,85,SQL,2025-03-27
Nicole Wright,BID727,60,Statistics,2025-02-01
Alexandria Allen,,74,Python,2025-01-01
Kelly Good,AID433,67,Computer Vision,2025-03-27
Haley Shelton,BID237,99,SQL,2024-09-28
John Manning,AID772,61,ML Ops,2024-07-05
Elizabeth Gonzales,EID798,63,NLP,2024-10-26
Elizabeth Green,BID418,77,NLP,2025-05-25
Christine Woodard,CID651,72,SQL,2024-07-20
Jennifer Villanueva,DID425,99,NLP,2024-10-17
Mrs. Heather Bishop,CID638,91,Reinforcement Learning,2024-12-25
Douglas Barrett,CID300,97,Computer Vision,2025-04-26
Jordan Brown,AID513,81,Reinforcement Learning,2024-07-24
Erin Gilbert,DID141,72,NLP,2024-06-09
Frank Garner,EID605,92,Statistics,2024-06-10
Michael Keller,BID384,97,NLP,2025-01-21
Robert Austin,EID422,72,Machine Learning,2024-11-14
Andrew Barrera,AID650,75,Python,2024-10-10
Joshua Gonzalez,EID844,91,SQL,2025-01-04
Sally Davies,CID170,91,Reinforcement Learning,2024-10-09
Roy Thomas,,75,ML Ops,2024-09-30
Frank Garner,EID604,63,Python,2025-03-13
Carolyn Reilly,,72,SQL,2024-08-27
Sabrina Stanton,AID729,88,Machine Learning,2024-10-28
Susan Maldonado,DID500,88,Data Analysis,2024-07-13
Terry Austin,DID859,94,ML Ops,2025-02-23
Duane Gibson,DID101,77,Data Analysis,2024-08-23
Damon Martinez,AID453,65,Data Analysis,2024-10-23
Mark Hernandez,EID127,94,Python,2024-05-29
Mrs. Jessica Williams,BID930,83,Python,2024-11-01
Peter Williams,BID277,83,Reinforcement Learning,2025-05-03
Sandra Daniels,BID642,79,Python,2025-04-17
Amanda Morgan,CID545,77,SQL,2024-09-09
Tiffany Brown,BID454,66,Machine Learning,2024-12-24
Heidi Stevens,DID157,75,Reinforcement Learning,2024-10-05
Thomas Nguyen,BID974,92,Cloud,2025-02-08
Allison Byrd,CID777,83,Reinforcement Learning,2024-06-20
Jennifer Smith MD,BID254,95,Reinforcement Learning,2025-04-26
Ashley Singleton,,67,Data Analysis,2024-09-27
Hannah Watts,,86,Cloud,2024-12-23
Thomas Wheeler,AID197,66,Machine Learning,2025-04-25
Jeffrey Brown,,71,Python,2024-07-05
Steve Hernandez,BID195,90,Cloud,2025-04-29
John Collier,AID351,84,Reinforcement Learning,2025-01-05
Michael Ewing,AID848,69,NLP,2024-07-11
Joel Barrett,CID148,62,NLP,2024-06-18
Daniel West,AID351,61,ML Ops,2024-07-06
Amanda Campos,,80,NLP,2024-06-11
Mrs. Michelle Kent DDS,,73,SQL,2025-02-26
Diana Jimenez,,74,Data Analysis,2024-09-27
Eric Waters,DID989,87,Machine Learning,2024-08-22
Travis Johnson,BID291,72,Data Analysis,2025-04-23
Michael Murphy,EID932,65,Cloud,2024-07-21
Gabrielle Perkins,CID414,97,Computer Vision,2024-09-11
Mackenzie Wolfe,BID293,93,Reinforcement Learning,2025-04-21
Jennifer Fox,BID949,82,SQL,2024-10-31
Nicholas Lara,,68,SQL,2024-08-15
Charles Russo,BID557,61,ML Ops,2024-07-22
Carl Snyder,DID626,89,Machine Learning,2024-05-25
Lawrence Richards,BID718,97,ML Ops,2025-02-16
Tiffany Perry,EID654,62,Statistics,2025-04-04
Jo Serrano,AID907,91,Machine Learning,2024-10-05
Kenneth Beck,BID289,96,Data Analysis,2025-02-25
Keith Castro,,92,Reinforcement Learning,2024-11-29
Heather Thomas,CID846,80,Computer Vision,2025-04-24
Edward Beltran,BID706,90,SQL,2024-11-25
Kevin Barry,BID462,81,Python,2025-05-08
Robert Wilson,EID542,78,Machine Learning,2025-01-14
Richard Harmon,DID408,88,Statistics,2024-06-01
Amy Williams,,88,Statistics,2024-06-04
Christopher Mitchell,BID724,71,ML Ops,2024-08-24
Dawn Powell,CID921,71,ML Ops,2024-10-31
Kathleen Smith,AID276,76,Data Analysis,2025-02-12
Danny Miller,,90,Cloud,2025-03-28
Terri Humphrey,EID623,67,ML Ops,2024-08-26
Maria Jones,,70,Data Analysis,2024-10-03
Katherine Hall,AID430,93,Reinforcement Learning,2025-01-04
Diane Cardenas,CID731,62,SQL,2025-04-09
Gary Haynes,AID244,86,Machine Learning,2025-04-14
Julie Green,EID881,86,SQL,2024-09-22
Angela Peterson,AID419,90,SQL,2024-12-17
Erik Chaney,AID197,74,Computer Vision,2024-11-26
Zachary Tran,BID729,92,Computer Vision,2024-12-08
Ashley Harvey,BID683,71,Reinforcement Learning,2024-06-20
Elizabeth Black,EID603,75,SQL,2025-03-30
Carmen Miller,DID794,83,Python,2024-08-24
Nancy Smith,BID922,74,Machine Learning,2024-06-09
Kyle Evans,CID314,62,ML Ops,2024-11-14
Courtney Moreno MD,BID589,96,Computer Vision,2025-04-09
Alexandra Lopez,DID240,66,SQL,2024-08-02
Daniel Wright,AID196,86,Python,2025-04-04
Jeffrey Rogers,AID384,66,SQL,2024-11-11
Louis Hughes,EID803,78,Cloud,2025-01-22
Erik Cowan,BID216,74,Python,2025-03-09
Erin Gilbert,CID956,75,ML Ops,2024-06-09
Chelsey Brown,EID543,67,SQL,2024-08-30
Jack Murphy,BID240,64,Cloud,2024-12-19
Jessica Hart,CID117,82,Data Analysis,2025-03-26
Kellie Hall,EID950,86,SQL,2024-11-08
Daniel Alexander,CID554,98,Computer Vision,2024-12-30
Veronica Taylor,AID356,86,Reinforcement Learning,2025-02-11
Julian Shepherd,CID204,77,ML Ops,2025-04-04
Tonya Harris,,70,Reinforcement Learning,2024-07-25
Kimberly Campbell,CID864,65,Statistics,2024-06-17
Nicholas Lara,BID109,73,Machine Learning,2024-12-18
Anthony Turner,,92,Reinforcement Learning,2024-09-08
Kirsten Johnson,AID147,91,Statistics,2024-09-03
Tracy Hayes,AID863,96,Statistics,2025-01-12
Craig Dyer,,82,Data Analysis,2024-08-28
Christina Hoffman,CID357,89,Python,2024-09-18
Andrew Rodriguez,AID568,75,Statistics,2024-12-04
Gloria Brooks,EID223,87,Python,2024-12-15
Michele Hurst,EID517,71,Statistics,2025-01-28
Sarah Baker,EID795,89,ML Ops,2025-03-21
Amy Gray,CID553,81,Python,2024-12-06
Mackenzie Wolfe,EID540,76,NLP,2025-03-13
Gary James,BID569,61,Machine Learning,2024-09-18
Randall Black Jr.,BID518,76,Statistics,2024-10-28
Renee Ibarra,EID909,88,Python,2025-05-12
John Allen,EID166,100,Statistics,2024-07-14
Joshua Strickland,CID254,80,NLP,2024-06-24
Kelli Zavala,AID936,88,Python,2024-07-21
Jordan Brown,,60,Machine Learning,2024-06-06
Kristie Mcdaniel,EID588,82,NLP,2025-05-24
Melissa Andersen,,80,Computer Vision,2024-12-17
Benjamin Todd,CID198,88,Reinforcement Learning,2024-11-17
Curtis Price,EID400,74,Machine Learning,2024-09-29
Natasha Howard,CID903,76,Reinforcement Learning,2024-07-07
Brian Russell,,63,Data Analysis,2024-11-29
Carmen Miller,AID640,60,Statistics,2024-10-19
Amanda Strickland,BID546,99,Computer Vision,2024-07-03
James Mueller,CID650,69,NLP,2024-06-08
Corey Long,,64,Machine Learning,2024-09-07
Michael Smith,CID586,65,SQL,2024-12-18
Malik Ward,EID428,66,Machine Learning,2025-01-10
Olivia Black,,74,Data Analysis,2025-02-23
Timothy White,DID659,67,Data Analysis,2024-12-09
Anthony Miller,CID667,73,Data Analysis,2025-04-12
Kimberly Myers,,81,Statistics,2024-09-08
William Jones,CID453,97,ML Ops,2024-10-15
Andrew Fischer,CID696,85,Statistics,2025-04-20
Steve Ortiz,DID997,86,ML Ops,2025-04-18
Kelly Hill,CID363,68,Python,2024-12-01
Amy Cline,DID573,96,Cloud,2024-10-23
Aaron Parks,AID639,85,Data Analysis,2024-12-05
Paul Thompson,EID820,81,NLP,2024-07-18
Amy Gonzalez,EID558,66,Python,2025-02-28
Thomas Stokes,AID493,97,Reinforcement Learning,2024-06-15
Michele Ramirez,CID735,88,SQL,2024-10-14
Douglas Morrow,,69,Cloud,2025-02-04
Natasha Contreras,EID183,68,Cloud,2025-04-03
Barbara Kemp,AID140,77,Cloud,2025-04-29
Terry Austin,CID572,75,Cloud,2025-01-10
Stephen Quinn,EID385,75,ML Ops,2024-06-22
Kim Leon,DID801,97,Python,2024-11-06
Miranda Allen,DID892,84,SQL,2024-11-10
Nicole Wright,AID238,66,Cloud,2025-05-10
Glen Jones,CID897,79,Computer Vision,2024-11-15
Edward Beltran,,95,Python,2024-10-12
Kevin Thompson,AID933,81,Python,2025-04-02
Tricia Jackson,AID266,87,Computer Vision,2024-09-06
Sean Clark,,70,Data Analysis,2024-08-15
Alexandra Lopez,,95,Data Analysis,2024-08-01
Valerie Brown,BID678,95,Data Analysis,2025-05-10
Michael James,CID330,92,Reinforcement Learning,2024-07-16
Mackenzie Harris,AID992,86,Statistics,2024-09-24
Marissa Clark,AID745,94,Data Analysis,2025-04-07
Andrew Odom,,76,Machine Learning,2024-09-01
Stephen Quinn,DID675,77,ML Ops,2024-10-30
Chad Bell,EID932,69,Python,2024-06-27
Mark Williams,DID746,95,Python,2024-06-20
Maria Jones,EID453,92,Reinforcement Learning,2024-12-20
Mike Barr,AID589,68,SQL,2025-05-02
Michael Mejia,AID448,74,Python,2024-11-02
Audrey Lee,BID309,68,Cloud,2024-10-17
Angela Ward,EID603,82,Cloud,2025-01-05
Karen Jones,CID734,93,Data Analysis,2024-11-15
Anna Franklin,AID815,63,Data Analysis,2025-04-04
Tiffany Brandt,BID244,68,NLP,2025-03-24
Ashley Garcia,DID172,90,Cloud,2024-09-14
Heather Kelly,EID239,85,Python,2024-07-06
Susan Perez,EID564,88,Cloud,2025-05-13
Steven Benton,CID600,95,NLP,2024-08-02
Judy Lloyd,AID327,82,Statistics,2025-02-15
Tara Flores,CID601,64,NLP,2024-11-15
Michael Hess,EID920,80,Machine Learning,2024-09-25
Tyler Hill,BID194,67,Reinforcement Learning,2025-02-07
Charles Williams,AID962,94,Reinforcement Learning,2025-04-27
Nathan Bailey,CID633,63,Python,2024-10-11
Emily Hawkins,BID292,64,Data Analysis,2025-02-22
Priscilla Byrd,DID151,83,Reinforcement Learning,2024-07-12
Dr. Anna Berry,AID394,97,Cloud,2025-03-03
Kyle Diaz,BID482,85,SQL,2025-03-01
Patricia Leblanc,DID747,88,NLP,2024-11-08
Lacey Hopkins,EID912,64,Python,2025-01-15
Stephanie Bruce,BID843,64,Data Analysis,2025-05-08
Tony Perkins,,95,Statistics,2024-06-24
Earl Jimenez,,64,Cloud,2024-07-07
Autumn Moreno,,77,Reinforcement Learning,2025-04-03
Elizabeth Jensen,BID110,71,Computer Vision,2025-04-19
Vanessa Anderson,BID307,98,Cloud,2024-11-11
Colton Noble,CID463,83,Python,2024-06-07
Todd Frye,BID240,63,Cloud,2024-11-03
Matthew Thompson,DID659,90,NLP,2025-05-07
David Butler,,87,NLP,2024-07-08
Jordan Martinez,CID326,87,Data Analysis,2025-05-21
Donald Lewis,BID833,85,Data Analysis,2025-05-18
Mark Santiago,AID979,77,Data Analysis,2025-03-05
Kristy Beck,AID521,81,NLP,2025-02-18
Nathan Simpson,CID984,96,ML Ops,2024-08-25
Charles Martinez,EID480,70,Data Analysis,2024-11-27
Mary Garcia,BID227,61,Python,2025-03-27
Traci Garcia,DID842,74,Reinforcement Learning,2024-09-07
Rachael Collins,,73,SQL,2024-12-14
Erica Galloway,AID792,67,NLP,2025-02-04
Eric Keller,AID156,96,Data Analysis,2025-05-18
Sean Taylor,DID960,82,Python,2024-11-15
James Cline,DID624,67,Python,2024-10-24
Gary Smith,AID112,68,SQL,2025-05-18
Robert Butler,EID151,89,Reinforcement Learning,2025-02-07
Todd Frye,AID971,72,Cloud,2025-03-30
Dawn Carson,BID489,88,Data Analysis,2025-04-24
Sandra Smith,BID625,89,Computer Vision,2025-02-19
Andrew Odom,AID198,95,ML Ops,2024-12-18
Tammy Gonzalez,EID153,85,Python,2025-03-21
Michael Smith,EID912,74,Computer Vision,2024-07-11
Chloe Armstrong,BID909,63,Cloud,2025-02-02
Sean Taylor,AID347,91,ML Ops,2025-03-14
Taylor Duran,CID357,61,Statistics,2025-05-17
Robert Gay,BID596,78,Cloud,2025-02-09
Brent Rose,EID236,68,Computer Vision,2024-10-27
Richard Rodriguez,DID234,80,Data Analysis,2024-08-04
April Davis,,63,Reinforcement Learning,2024-09-19
Jessica Barnett,CID749,69,SQL,2024-07-05
Jennifer Scott,CID404,69,ML Ops,2024-07-16
Terry Austin,DID753,97,Cloud,2024-08-24
Toni Brown,CID841,92,Cloud,2024-05-26
Christina Hoffman,BID783,99,SQL,2025-04-04
Whitney King DDS,BID368,85,Python,2024-09-17
Chad King,CID210,90,Computer Vision,2025-01-31
Yvonne Benitez,AID239,83,Python,2025-02-18
Deborah Chavez,AID149,82,Cloud,2024-09-08
Thomas Rodriguez,BID888,75,ML Ops,2024-12-07
Tyler Hill,DID865,83,Cloud,2024-07-03
Mr. Blake Williams,CID793,88,Cloud,2024-12-21
Shawn Rogers,BID105,65,Data Analysis,2025-01-10
Tara Jarvis,DID614,89,Statistics,2024-12-19
Anthony Hall,BID848,99,Data Analysis,2024-08-15
Dennis Salinas,CID353,92,Computer Vision,2024-12-05
Ryan Edwards,DID942,97,Data Analysis,2025-01-05
Veronica Mann,,86,Reinforcement Learning,2024-12-26
Tiffany Roach,EID425,74,Computer Vision,2024-06-25
Malik Ward,BID132,60,Python,2025-01-14
Alexander Armstrong,,64,Statistics,2025-05-25
Michele Smith,DID786,91,NLP,2024-12-27
Carol Nichols,DID378,65,Machine Learning,2024-06-06
David Wood,,85,Python,2024-10-05
Bryan Daniels,EID634,73,Machine Learning,2025-04-08
Daniel Wright,BID117,66,Statistics,2024-11-09
Hannah Sandoval,BID919,71,SQL,2025-02-13
Mrs. Michelle Kent DDS,EID170,94,SQL,2024-09-22
Christopher Johnson,BID869,70,Data Analysis,2025-01-04
Mackenzie Harris,,90,Reinforcement Learning,2024-11-20
William Pearson,,90,Statistics,2025-03-31
Benjamin Lane,DID621,91,Machine Learning,2024-07-07
Morgan Moore,AID765,75,Python,2025-01-22
Timothy Gill,,62,Reinforcement Learning,2024-11-20
Jordan Martinez,BID499,72,Computer Vision,2024-10-07
Alejandro Jackson,,75,Reinforcement Learning,2024-08-25
William Tapia,CID111,68,Computer Vision,2024-06-02
Paige Lynch,DID364,86,ML Ops,2024-06-10
Michele Ramirez,CID212,62,SQL,2024-12-18
Ryan Hart,DID989,63,SQL,2025-05-13
Carlos Blackwell,AID822,64,Reinforcement Learning,2024-11-02
Jennifer Cabrera,DID780,87,SQL,2024-09-26
Timothy Simmons,EID751,77,Reinforcement Learning,2024-06-02
Brianna Smith,CID603,86,Cloud,2024-06-17
Maureen Lane,DID125,87,Computer Vision,2024-11-19
Dan Wilson,DID864,66,ML Ops,2024-09-07
Sandra Daniels,AID612,74,Computer Vision,2024-11-28
Stacy Castaneda,EID575,65,Data Analysis,2024-08-20
Isaiah Campbell,CID900,69,NLP,2024-06-27
Mr. Richard Robertson,EID396,70,Machine Learning,2024-12-02
Melissa Kaufman,DID616,70,Reinforcement Learning,2024-06-08
Ashley Carson,CID793,86,ML Ops,2025-04-27
Sean Bush,BID626,76,NLP,2024-10-06
Isaiah Mcdonald,CID398,83,Machine Learning,2025-04-05
Martin Rodriguez,CID148,97,Reinforcement Learning,2024-10-31
Terri Humphrey,EID985,92,ML Ops,2024-11-22
Carrie Russell,DID194,66,Reinforcement Learning,2024-07-23
Daniel Higgins,BID274,78,NLP,2025-02-17
Kathy Mills,CID659,64,Cloud,2025-04-10
Anthony Turner,AID578,88,Machine Learning,2025-05-08
Jamie Morgan,EID694,86,NLP,2024-05-30
James Powers,,90,NLP,2025-01-19
Kelly Parker,BID359,72,SQL,2024-12-14
Danielle Larson,AID322,63,SQL,2024-06-04
Sandra Irwin,AID693,78,Python,2025-05-08
Elizabeth Jensen,DID298,75,Python,2024-10-11
Matthew Walker,EID932,71,Python,2025-04-25
Beth Baker,AID678,100,SQL,2024-08-29
Cody Thompson,DID341,91,SQL,2024-10-25
Paige Elliott,BID640,80,Cloud,2024-06-02
Daniel Norman,,60,Reinforcement Learning,2024-08-10
Thomas Butler,CID422,72,Python,2024-05-31
Dorothy Smith,EID758,78,Python,2024-06-02
Patrick Austin,,66,Reinforcement Learning,2024-05-27
Kirsten Johnson,AID237,73,Computer Vision,2025-03-21
Paul Sharp,BID599,89,Reinforcement Learning,2024-09-17
Tina Anderson,BID401,73,NLP,2025-01-24
Anthony Ramos,EID608,73,Computer Vision,2024-09-01
Robin Finley PhD,EID801,87,Computer Vision,2025-01-14
Kathy Mills,DID778,91,Computer Vision,2024-12-22
Carlos Bell,BID868,66,Computer Vision,2025-04-20
Jenna Oconnell,DID188,73,NLP,2025-03-03
Wendy Williams,AID475,94,Computer Vision,2024-12-20
Sergio Richard,,60,Machine Learning,2025-03-05
Kathy Forbes,DID180,66,Python,2024-11-02
Tyler Porter,BID825,63,Reinforcement Learning,2024-07-30
Christopher Woodard,DID825,69,ML Ops,2025-01-22
Edward Beltran,,87,NLP,2024-10-01
John Allen,BID153,63,Machine Learning,2024-06-11
Elaine White,DID715,71,Python,2024-11-25
Julie Brooks,EID762,93,Data Analysis,2025-03-18
Sandra Evans,BID871,70,ML Ops,2024-09-13
Jeanne Morales,DID993,88,Machine Learning,2025-01-09
Jerry Davis,EID983,63,NLP,2025-02-13
Lori Gonzalez,EID886,66,Cloud,2024-09-26
Mark Brown,EID322,96,NLP,2025-03-23
Erica Lopez,BID951,86,Data Analysis,2025-03-20
Cathy Parker,BID620,75,Data Analysis,2024-11-06
James Beck,BID875,83,NLP,2024-11-09
Veronica Taylor,CID970,73,Machine Learning,2025-03-24
Richard Thomas,EID838,78,Computer Vision,2024-11-21
Tracy Kennedy,AID197,66,NLP,2025-04-21
Jamie Avila,AID495,61,Cloud,2024-10-20
Frank Berger,DID574,79,Python,2024-07-08
Mrs. Michelle Kent DDS,AID651,68,NLP,2024-08-24
Matthew Conrad,EID131,70,Statistics,2024-08-21
Charles Price,EID371,84,Python,2024-09-17
Dennis Salinas,CID623,90,Reinforcement Learning,2024-12-09
Paul Hunt,,91,Data Analysis,2024-10-11
James Beck,CID934,98,Data Analysis,2024-09-17
David Sanchez,AID718,88,Data Analysis,2024-12-17
Joseph Ramsey,EID220,100,Data Analysis,2025-03-16
David Cooper,EID830,64,Data Analysis,2024-10-21
Ricardo Wilson,AID670,86,Cloud,2025-02-23
Anthony Ross,CID997,85,Cloud,2025-02-02
Sean Hampton,,75,Cloud,2024-11-10
Malik Grant,DID648,86,Reinforcement Learning,2024-05-31
Elizabeth Hampton,EID843,92,SQL,2024-12-10
Lauren Jackson,BID571,79,Statistics,2024-08-04
Sherry Morales,DID778,75,Statistics,2025-03-01
Travis Scott,EID626,86,NLP,2025-01-10
Robin Bush,CID819,83,Statistics,2025-04-03
Christina Benson,,80,Python,2024-07-22
Abigail Harrington,AID712,88,Python,2024-07-15
Dawn Carson,AID697,83,SQL,2024-09-03
William Kelley,CID469,95,Statistics,2025-03-16
Jonathan Skinner,DID969,78,NLP,2025-03-21
Devon Diaz,AID330,83,ML Ops,2024-07-01
Mark Snyder,,62,Data Analysis,2024-10-23
Zachary Briggs,,69,Data Analysis,2024-06-14
George Anderson,,97,Computer Vision,2025-05-14
John Garza,CID955,61,NLP,2025-05-11
James Gregory,,76,ML Ops,2024-11-19
Aaron Parks,DID408,78,Computer Vision,2024-06-25
Jenna Oconnell,,99,ML Ops,2025-03-12
Carl Snyder,EID641,70,Reinforcement Learning,2024-07-28
Joshua Monroe,EID776,92,Data Analysis,2025-05-13
Tyler Porter,,95,Python,2024-08-12
Nicole Clark,BID144,80,Data Analysis,2025-03-15
Robin Bush,AID769,97,SQL,2024-11-20
Mr. Richard Robertson,EID707,70,Statistics,2025-04-13
David Anderson,BID315,91,Machine Learning,2024-08-03
Cynthia Kent,AID508,62,ML Ops,2024-09-04
Aaron Williams,AID755,72,Statistics,2024-11-27
Morgan Thompson,AID301,94,Computer Vision,2025-03-28
Willie Holt,AID381,89,Cloud,2025-04-26
Christina Jones,EID736,80,Data Analysis,2024-07-22
Malik Moore,BID815,79,Reinforcement Learning,2024-11-07
Scott Spencer,CID140,78,SQL,2024-11-08
Cynthia Nguyen,EID730,81,Reinforcement Learning,2024-10-24
Kevin Anderson,DID858,88,Computer Vision,2025-03-11
Peter Russell,BID506,83,Computer Vision,2024-06-11
Rachel Garner,DID736,85,SQL,2024-08-17
Steven Carter,DID842,63,Python,2024-08-24
Mary Collins,AID139,76,Computer Vision,2025-03-04
Justin Adams,,88,ML Ops,2025-02-03
Stephen Collins,DID285,77,Reinforcement Learning,2025-04-30
Cynthia Kent,BID122,80,Data Analysis,2024-12-20
Sean Clark,,60,Machine Learning,2024-10-11
James Vargas,AID368,61,ML Ops,2024-09-17
Paula Lee,AID998,98,Computer Vision,2024-06-19
Edward Beltran,AID218,76,Data Analysis,2024-10-09
Lauren Zamora,AID987,71,Computer Vision,2024-06-30
Ryan Norton,EID750,91,Python,2024-09-10
Sarah Beasley,AID187,98,NLP,2024-11-20
Patrick Cole,,92,ML Ops,2024-10-12
Dana Lowe,DID315,83,Python,2024-12-26
Eric Keller,EID425,87,Machine Learning,2025-02-24
Breanna Wallace,CID734,82,Python,2024-12-02
Kristen Phillips,AID999,66,Cloud,2024-05-27
Anthony Miller,CID777,90,Machine Learning,2024-06-15
Kyle Evans,BID635,74,Statistics,2024-07-27
Jennifer Wilcox,EID880,93,ML Ops,2024-06-05
Tanya Williams,EID140,76,Machine Learning,2025-05-18
Christina Gallagher,EID398,97,ML Ops,2025-02-18
Joseph Parks Jr.,DID552,89,Cloud,2024-12-17
Richard Kelley,AID886,90,Reinforcement Learning,2025-02-17
Kimberly Horn,,92,Reinforcement Learning,2025-02-22
Dr. Michelle Velez,BID894,93,Statistics,2024-05-25
Ashley Harvey,EID853,99,Data Analysis,2024-07-01
Brittany Fuller,CID639,83,Machine Learning,2024-12-14
Stephanie Oconnor,,77,SQL,2025-03-15
Isaiah Holmes,,82,Data Analysis,2024-11-18
Michelle Fisher,AID818,66,Statistics,2024-09-18
Evelyn Webb,DID574,68,Python,2025-01-15
Anna Anderson,CID551,72,NLP,2024-10-27
Shelly Smith,CID732,98,Data Analysis,2025-03-19
Mandy Hale,,77,Cloud,2024-09-20
Tanya Silva,,74,Cloud,2025-04-25
Ian Green,,73,Statistics,2024-07-30
Sharon Townsend,CID309,90,SQL,2024-08-30
Christina Peck,CID232,75,Cloud,2024-06-28
Terry Smith,AID851,86,SQL,2024-08-27
Jenna Rodriguez,DID497,92,Data Analysis,2024-11-09
Michael Dunn,DID374,77,NLP,2024-05-30
Dr. William Morris,CID595,92,NLP,2024-06-01
Katherine Clark,DID426,78,Cloud,2024-12-31
Leslie Skinner,CID794,83,Python,2025-05-19
Krista Soto,BID968,66,NLP,2024-09-12
Claudia Jackson,,71,Python,2024-06-06
Andrew Johnson,,96,Statistics,2024-12-10
Brian Parks,CID413,77,SQL,2024-06-18
Jennifer Sandoval,EID753,69,Statistics,2024-10-15
Shirley Johnston,,100,Computer Vision,2024-08-27
Angela Williams,DID719,96,Machine Learning,2024-07-16
Nicole Owens,BID246,62,NLP,2025-01-27
Taylor Jackson,AID744,94,ML Ops,2024-11-08
Teresa Smith,AID742,62,Cloud,2024-08-23
Felicia Alexander,EID428,80,Machine Learning,2025-02-18
Raymond Diaz,BID908,93,Computer Vision,2024-10-06
Joshua Gardner,CID242,70,Statistics,2025-05-10
Christina Gregory,EID658,65,Python,2024-06-22
Michael Cruz,BID459,69,Reinforcement Learning,2024-06-13
Tracy Rhodes,CID970,69,NLP,2024-12-15
Heidi Stevens,AID524,65,SQL,2024-10-22
Isabella Myers,,74,Python,2024-06-19
Henry Mcintyre,AID523,68,Computer Vision,2024-12-17
Elizabeth Compton,DID459,94,Statistics,2024-11-11
Nicholas Bowman,EID484,94,Cloud,2024-10-31
Malik Ward,CID926,85,Data Analysis,2025-04-26
Aaron Gibson,AID423,82,Computer Vision,2024-09-12
Michael Carney,AID392,61,Reinforcement Learning,2024-09-30
Matthew Flynn,CID431,69,Cloud,2024-09-28
Michael Williams,EID952,63,ML Ops,2025-03-30
John Montgomery,EID703,85,Machine Learning,2024-12-23
Zachary Briggs,EID474,88,ML Ops,2024-09-12
Christopher Clark,EID828,90,Reinforcement Learning,2024-11-14
John Collier,DID292,88,ML Ops,2025-01-06
Paige Elliott,,85,Data Analysis,2025-04-19
Rachael Morris,BID236,67,Data Analysis,2025-01-12
Danielle Russo,EID383,96,Computer Vision,2024-12-31
Gary Vargas,CID882,80,Statistics,2025-01-27
Richard Thomas,DID931,98,Statistics,2025-03-15
Lauren Rogers,EID784,89,NLP,2024-11-04
Michael Hammond,DID676,89,ML Ops,2024-08-25
Jordan Martinez,AID908,75,Machine Learning,2024-06-21
Dennis Salinas,AID896,69,Computer Vision,2024-10-21
Walter Miller,BID101,89,Computer Vision,2024-09-25
Alexandra Jordan,,89,NLP,2024-06-18
Kyle Lopez,BID910,82,Machine Learning,2024-05-29
Robert Mitchell,DID650,78,Python,2024-06-16
Thomas Reynolds,DID784,95,Statistics,2024-11-29
Sherry Patterson,CID359,67,Computer Vision,2024-08-31
Jenny Griffin,EID675,69,Statistics,2024-07-29
Timothy Lee,EID773,93,SQL,2024-06-30
Natalie Smith,DID751,72,ML Ops,2024-08-01
Kathy Martinez,EID314,91,SQL,2024-06-18
Susan Thomas,CID963,61,NLP,2025-05-12
Michele Marsh,,65,NLP,2025-02-01
Carl Rowe,DID657,69,NLP,2024-06-23
Julie Anderson,,80,NLP,2024-08-29
Kristy Beck,DID494,70,Python,2024-07-23
Kathleen Sullivan,CID429,90,NLP,2024-10-09
Terry Arnold,EID476,67,Cloud,2024-06-18
Michelle Collins,EID144,90,ML Ops,2025-03-13
Joel David,EID412,82,Data Analysis,2024-07-21
Anthony Rojas,,75,Reinforcement Learning,2024-12-14
Juan Jackson,,79,ML Ops,2024-08-07
Shelia Ferguson,,77,Computer Vision,2025-04-19
John Mckenzie,BID633,62,Cloud,2025-01-12
Scott Johnson,BID960,64,Statistics,2024-11-11
Theresa Young,BID532,97,Computer Vision,2025-05-07
Jeremy Smith,EID478,64,Data Analysis,2025-03-16
Haley Shelton,BID126,72,Statistics,2024-09-04
Colin Hernandez,EID708,77,Reinforcement Learning,2025-01-09
Crystal Perez,EID985,77,NLP,2024-07-14
Kathleen Smith,EID869,100,Cloud,2024-06-23
Randall Black Jr.,,63,Cloud,2024-07-17
Nicholas Simmons DDS,,82,Data Analysis,2024-10-09
Brandy Cooper,CID743,74,ML Ops,2025-03-14
Amy Beltran,BID154,90,Data Analysis,2025-04-10
Clifford Cohen,AID377,80,Python,2025-05-13
Morgan Huang,CID280,62,Python,2024-12-20
James Mueller,CID424,65,Data Analysis,2024-06-23
Nathan Bailey,,84,Data Analysis,2025-02-11
Michelle Olson,AID973,84,Computer Vision,2024-10-13
James Hale,,70,Statistics,2024-08-03
Cindy Rivers,CID245,77,Python,2025-03-31
Mandy Hale,CID607,71,NLP,2024-08-12
James Bridges,EID904,71,ML Ops,2024-08-09
Christopher Hubbard,AID616,92,NLP,2024-12-03
Diane Williams,AID540,83,Data Analysis,2024-08-30
Samantha Reid,DID558,72,Data Analysis,2024-08-11
Anne Dunn,AID640,62,Statistics,2025-03-17
Paul Thompson,AID892,96,Statistics,2024-09-24
Tasha Harvey,AID394,60,ML Ops,2024-07-10
Matthew Bowen,DID229,84,Reinforcement Learning,2025-03-14
Rebecca Vang,CID926,98,SQL,2025-02-26
Madison Stevens,CID130,75,Computer Vision,2024-12-31
Lisa Reynolds,BID484,97,Cloud,2024-12-06
George Anderson,BID154,69,Reinforcement Learning,2025-02-17
Anna Anderson,DID876,80,ML Ops,2024-07-16
Melissa Andersen,BID710,65,Reinforcement Learning,2024-07-22
Desiree Bowen,,88,Computer Vision,2024-08-21
Daniel Sanders,AID989,99,Python,2024-08-16
Angela Bowman,AID891,86,Computer Vision,2024-09-11
Kathleen Owens,,71,Reinforcement Learning,2025-03-09
Caitlin Whitney,EID640,87,Machine Learning,2025-03-02
Joel Gregory,DID335,86,Data Analysis,2024-11-30
Tina Anderson,DID442,75,Data Analysis,2024-07-28
Sharon Hamilton,BID798,72,Computer Vision,2025-03-24
Sandra Gonzalez,DID492,66,SQL,2025-02-09
Michael Freeman,,84,Computer Vision,2024-07-27
Donna Barr,CID880,97,Cloud,2025-03-16
Jamie Morgan,,86,Python,2025-03-23
Charles Snyder,DID672,98,Machine Learning,2025-03-06
Juan Jackson,CID885,84,Cloud,2024-10-24
Robert Moon,DID614,84,Data Analysis,2024-06-16
Christine Rivas,DID173,76,ML Ops,2025-03-18
Carrie Powell,DID910,90,Cloud,2024-06-15
Meghan Hinton,AID248,92,SQL,2024-08-08
David Schmidt,AID502,99,NLP,2025-02-18
Robert Gay,DID525,74,Data Analysis,2024-09-05
Diana Ortega,DID863,67,Data Analysis,2025-02-23
Michele Ramirez,DID503,66,NLP,2025-01-11
Lori Kim,CID696,67,Machine Learning,2024-10-23
Melanie Jordan,EID651,72,Computer Vision,2024-05-31
Kyle Patrick,AID915,82,Python,2025-02-13
Brandon Webster,,67,Machine Learning,2025-05-25
Brittany Mccarthy,DID899,96,NLP,2024-08-18
Michael Castillo,EID939,91,ML Ops,2024-08-19
Stephanie Miller,DID700,100,Statistics,2024-07-13
Bradley Olson,EID338,64,SQL,2025-01-09
Kevin Wood,DID232,77,NLP,2025-04-22
Tracey Kerr,AID751,100,Statistics,2025-03-23
Robert Mcfarland,EID126,62,Statistics,2025-02-14
Isaac Williamson,BID527,99,NLP,2024-11-19
Kerry Davis,CID800,75,Reinforcement Learning,2025-01-10
Wendy Wood,CID133,78,Machine Learning,2024-11-03
Christine Thompson,AID183,98,Data Analysis,2025-01-18
Timothy Hebert,,79,Cloud,2024-07-25
Amy Beltran,BID418,92,Reinforcement Learning,2024-10-10
April Thomas,BID286,71,NLP,2024-06-07
Daniel West,EID858,84,Cloud,2024-09-24
Danielle Hogan,BID490,98,Reinforcement Learning,2025-02-19
Ian Bishop,AID178,92,Statistics,2025-04-14
Janice Fernandez,DID912,61,NLP,2025-05-01
Amy Sanchez,,97,Reinforcement Learning,2025-04-03
Sarah Fisher,,61,SQL,2024-07-22
Dakota Aguilar,EID124,74,Computer Vision,2024-09-14
Michele Hurst,,77,Machine Learning,2024-07-30
Andrew Lopez,CID785,60,SQL,2025-02-22
William Glenn,CID520,75,Statistics,2025-01-14
Joseph Brown,,92,Statistics,2024-12-26
Robert Mitchell,EID121,85,Machine Learning,2025-03-10
Jesse Flores,EID178,97,NLP,2024-07-18
Deborah Johnson,AID225,88,ML Ops,2024-10-16
Robert Klein,DID671,78,Python,2024-10-16
Raymond Flynn,CID671,82,Python,2025-01-19
Jason Gates,BID371,67,Statistics,2024-10-28
Christopher Sanchez,AID364,95,Computer Vision,2024-12-15
Alexandra Gordon,CID506,67,Computer Vision,2025-03-13
Kevin Kennedy,,90,Data Analysis,2024-08-22
Joseph Walton,,72,Reinforcement Learning,2025-04-25
Thomas Smith,EID587,69,NLP,2025-04-29
Ryan Nelson,CID362,68,Machine Learning,2024-08-03
John Clay,AID338,87,ML Ops,2025-04-10
Yvonne Moore,AID801,76,Machine Learning,2024-09-14
Heather Mccann,BID235,94,Python,2025-04-20
Ryan Hart,EID962,89,Data Analysis,2024-07-06
Melanie Webb,DID698,66,Statistics,2024-08-16
David Mills,CID194,61,Computer Vision,2025-03-23
Lauren Riley,CID173,75,ML Ops,2024-06-15
Joshua Strickland,,73,Computer Vision,2024-09-27
Ariel Bishop,DID639,76,Cloud,2024-11-21
Jamie Fitzpatrick,AID739,91,Statistics,2024-07-29
Joel Lang,,67,SQL,2025-03-29
Billy Stephenson Jr.,,74,NLP,2025-03-08
Kayla Fields,AID965,75,Reinforcement Learning,2024-12-14
Joshua Riley,EID897,90,Computer Vision,2025-02-12
Joshua Wood,BID734,74,Data Analysis,2024-09-27
Jennifer Adams,CID621,62,Cloud,2024-06-08
Gilbert Moses,DID774,63,SQL,2024-11-25
Tanya Silva,DID892,64,Statistics,2025-02-13
Tiffany Preston,DID204,93,Cloud,2024-07-14
Lauren Zamora,CID944,76,Reinforcement Learning,2025-05-18
Andrew Hunt,EID219,68,NLP,2025-05-04
Joshua Wood,EID245,93,Data Analysis,2025-03-22
Kelly Hill,CID829,83,SQL,2025-04-04
Zachary Compton,,67,Machine Learning,2025-04-30
Chad Mills,AID841,72,Data Analysis,2025-01-19
Mario Walker,,85,SQL,2024-10-06
Angelica Wood,DID737,60,Machine Learning,2025-01-29
Desiree Bowen,DID511,76,Python,2024-07-02
Brad Hayes,BID899,89,SQL,2025-04-27
Jeffrey Love,,61,Computer Vision,2025-02-22
Kimberly Randolph,DID300,94,Data Analysis,2024-07-14
Andrew May,BID608,93,Reinforcement Learning,2025-04-14
Richard Santiago,CID592,89,Statistics,2024-08-04
Isaiah Mcdonald,CID547,62,Computer Vision,2024-10-15
Maurice Oneill,BID321,94,Statistics,2024-11-10
Mr. James Taylor II,DID807,86,Computer Vision,2024-10-08
Cynthia Sutton,AID485,89,SQL,2024-11-26
Alison Page,EID395,62,ML Ops,2025-03-19
Douglas Morris,CID778,84,Machine Learning,2024-06-23
Laura Briggs,AID103,74,ML Ops,2025-01-31
Troy Mcdowell,DID952,89,Reinforcement Learning,2024-07-21
Matthew Johnson,DID928,97,Python,2025-03-25
Amanda Bell,EID146,82,Data Analysis,2024-05-28
Brian Mann,,84,Cloud,2024-09-07
Amanda Andrade,AID221,62,NLP,2025-02-10
Tonya Harris,BID229,80,ML Ops,2025-05-22
Debra White,AID175,97,NLP,2024-11-28
Carlos Hernandez,AID521,65,SQL,2025-02-14
Sherri Bennett,DID489,85,NLP,2025-01-24
Henry Mcintyre,DID190,99,ML Ops,2024-09-06
Omar Ellison,DID104,63,Cloud,2024-12-09
Carlos Robles,CID787,96,Cloud,2024-05-31
Kenneth Bolton,CID446,62,Python,2024-12-19
Amanda Harris,DID761,92,Cloud,2024-09-27
Stephanie Bruce,CID845,88,Machine Learning,2025-03-29
Cathy Edwards,EID529,83,Data Analysis,2024-09-05
Gary Hardy,AID579,68,Machine Learning,2024-07-14
Melissa Andersen,AID226,80,Python,2024-06-08
Chelsea Davis,DID944,62,Reinforcement Learning,2025-03-17
Stephanie Bruce,BID997,69,ML Ops,2024-12-29
Lisa Villegas,EID550,85,Statistics,2025-03-06
Erica Branch MD,AID157,61,Cloud,2025-03-22
Brian Ramirez,,78,Reinforcement Learning,2024-05-30
Ronald Padilla,EID806,88,NLP,2024-10-22
Andrea Mcdonald,DID280,78,ML Ops,2024-10-23
Matthew Singh,AID869,78,Statistics,2025-01-05
Diane Butler,CID566,77,Cloud,2024-08-13
Melanie Carson,EID494,68,SQL,2024-06-06
Richard Wood,,94,SQL,2024-06-21
Paula Phillips,BID189,80,Python,2024-10-19
Jenna Strickland,BID208,93,Data Analysis,2024-06-24
Danielle Webster MD,,69,Data Analysis,2025-01-07
Adam Reeves,CID928,71,Machine Learning,2024-11-10
Matthew Bowen,AID416,94,Cloud,2025-02-16
Brian White,AID466,76,SQL,2024-08-01
Jenny Griffin,EID543,61,ML Ops,2024-06-15
Janice Fernandez,BID253,99,Statistics,2024-07-25
Michele Stevenson,EID902,69,Computer Vision,2025-03-23
Michael Freeman,DID482,96,SQL,2025-02-19
Michelle Bates,BID848,85,SQL,2024-08-08
Brandi Wilcox,AID874,75,NLP,2025-05-14
Monica Moore,BID500,84,Statistics,2024-08-11
Pamela Henry,BID304,88,Statistics,2025-01-31
Tanner Myers,CID861,100,Computer Vision,2024-09-30
Walter Miller,AID468,95,SQL,2025-03-28
John James,,82,Python,2025-01-14
Andrew Yang DVM,,62,ML Ops,2025-04-12
Renee Ibarra,EID596,76,Statistics,2025-01-27
Lisa Villegas,EID187,91,Cloud,2024-07-21
Earl Jimenez,,84,Machine Learning,2025-02-12
Jeffrey Nicholson,BID690,98,Machine Learning,2025-04-12
Mackenzie Wolfe,EID284,96,Python,2025-05-23
Brandon Oneal,,81,SQL,2025-05-07
Natalie Lewis,EID959,78,ML Ops,2024-07-18
Isaiah Campbell,BID106,67,Cloud,2025-04-02
Mr. Blake Williams,,77,Python,2024-11-04
Cynthia Boyer,DID439,79,SQL,2024-08-11
Sherri Flores,BID743,70,Machine Learning,2024-09-18
Richard Thomas,DID292,69,Reinforcement Learning,2024-10-11
Jonathan Gomez,BID592,87,Cloud,2024-12-27
Michael Ingram,,98,Cloud,2025-01-29
Susan Maldonado,DID611,67,Statistics,2025-04-14
Erica Galloway,EID826,66,NLP,2025-02-02
Taylor Horton,DID843,88,Data Analysis,2024-11-27
Henry Olsen,BID904,83,NLP,2024-07-22
John Clay,CID306,69,Data Analysis,2025-05-19
Thomas Thomas,,87,ML Ops,2024-07-24
Katrina Ryan,EID440,64,Reinforcement Learning,2024-12-02
Tracey Kerr,CID146,60,Computer Vision,2024-06-30
Christopher Scott,EID203,100,Python,2024-09-20
Pamela Walls,DID213,76,Cloud,2025-03-17
Joanna Rocha,EID902,90,NLP,2025-02-26
Mr. Sean Escobar,,97,Cloud,2024-09-18
Kevin Mcintosh,BID697,66,SQL,2024-09-04
Michele Stevenson,EID830,72,Reinforcement Learning,2025-02-23
Rebecca Arroyo,EID254,83,Reinforcement Learning,2025-04-09
Thomas Smith,CID525,90,Python,2025-01-11
Jeremy Olson,DID926,64,Cloud,2025-03-07
Christina Gallagher,BID389,80,Statistics,2024-10-29
Eric Whitehead,BID839,68,SQL,2025-05-15
John Clay,DID878,71,Python,2024-07-20
Deborah Collins,DID107,64,Machine Learning,2024-11-22
Michael Ryan,BID382,80,Cloud,2024-08-09
Amy Cline,EID675,78,Reinforcement Learning,2025-04-24
Wesley Blankenship,AID611,99,Computer Vision,2024-07-09
Abigail White,DID116,70,Reinforcement Learning,2025-03-27
Patrick Cole,DID640,98,Cloud,2024-08-11
Jeffrey Hayes,DID810,83,Machine Learning,2024-06-18
Michael Butler PhD,CID180,78,NLP,2025-02-07
Aaron Sanchez,DID619,97,Machine Learning,2025-05-17
Richard Leblanc,BID342,90,Machine Learning,2024-07-22
Marc King,,88,SQL,2025-01-06
Laurie Mcintyre,EID667,62,Reinforcement Learning,2024-12-06
Kathy Martinez,,72,Python,2024-10-17
Paul Hayes,AID152,70,Computer Vision,2025-01-31
John James,BID108,76,Reinforcement Learning,2025-04-10
Nicholas Simmons DDS,DID662,93,Data Analysis,2025-03-10
Stephanie Garcia,BID994,70,Reinforcement Learning,2024-08-22
David Cantrell,AID262,89,Statistics,2024-06-11
Catherine Garcia,BID457,84,Statistics,2025-01-31
Jay Cole,DID338,70,NLP,2025-05-13
Wendy James,DID915,92,Python,2025-05-16
Kathy Forbes,BID979,84,Data Analysis,2025-05-11
Seth Petty,BID282,90,SQL,2024-06-20
Carlos Blackwell,CID874,68,Computer Vision,2025-04-15
Anne Dunn,DID358,67,Data Analysis,2025-03-22
Dakota Turner Jr.,AID865,97,Python,2025-04-15
Dorothy Smith,AID350,74,Reinforcement Learning,2024-11-22
Eric Best,CID641,69,ML Ops,2025-01-15
David Butler,EID848,69,Machine Learning,2024-06-24
Desiree Bowen,BID240,97,Statistics,2024-12-26
Melissa Fisher,,91,Computer Vision,2025-01-01
Katherine Anderson,CID902,81,Reinforcement Learning,2024-07-16
Amy Bridges,AID322,99,Data Analysis,2024-11-03
Kyle Farmer,CID116,84,Computer Vision,2024-10-08
Stacy Kline,,76,Computer Vision,2024-10-09
Christina Gallagher,AID990,96,Data Analysis,2025-02-19
Erin Garcia,CID231,73,Data Analysis,2025-03-19
Nicholas Higgins,EID638,61,NLP,2025-03-01
Emily Hawkins,AID871,97,Machine Learning,2025-02-20
Alexis Crosby,DID821,89,Computer Vision,2025-03-16
Jean Payne,,73,Statistics,2024-09-15
Steven Pierce,EID640,75,Reinforcement Learning,2025-05-17
Sabrina Garrison,AID829,83,Python,2024-11-07
Matthew Alexander,EID918,64,Statistics,2024-09-04
Frank Berger,AID339,63,Statistics,2024-11-02
Angelica Wood,EID407,68,Machine Learning,2024-10-19
Curtis Kim,CID879,90,Statistics,2025-04-02
Janet Turner,,72,Computer Vision,2025-01-23
Roy Thomas,AID928,100,Reinforcement Learning,2024-11-17
Oscar Johnston,DID689,71,Data Analysis,2025-01-17
Morgan Huang,,63,ML Ops,2024-10-29
Raymond Diaz,CID187,99,ML Ops,2025-05-04
Chelsea Weber,AID190,90,NLP,2024-09-26
Leroy Ortiz,EID960,72,Computer Vision,2025-01-24
Benjamin Bates,BID332,68,Statistics,2024-06-22
Timothy White,BID254,95,Cloud,2024-12-15
Louis Hughes,BID518,80,Data Analysis,2024-09-11
Angela Peterson,AID356,62,Reinforcement Learning,2025-01-16
John Gomez,DID889,92,SQL,2024-08-26
Vanessa Adams,BID106,94,NLP,2024-05-29
Joshua Strickland,,99,Cloud,2025-04-21
Stephanie Oconnor,BID991,65,Statistics,2024-05-30
Sherry Patterson,DID527,99,Computer Vision,2025-01-01
Yvonne Bennett,EID907,97,SQL,2024-12-09
Ashley Fisher,CID552,96,Python,2025-01-10
Sherri Bennett,CID721,68,Data Analysis,2024-06-21
Tyler Hill,,65,Computer Vision,2024-08-28
Raymond Diaz,DID613,91,Computer Vision,2024-11-13
Ashley Walker,AID991,98,Reinforcement Learning,2024-09-08
Jeff Miller,EID110,74,Machine Learning,2024-08-29
Patricia Sanchez,CID536,63,Computer Vision,2025-05-01
Jessica Ross,,66,Statistics,2024-06-11
Anthony Cooke,CID211,85,NLP,2024-07-08
Ryan Santiago,BID798,73,Python,2024-07-16
Jason Chapman,,90,NLP,2024-09-11
Cynthia Prince,,69,Statistics,2025-02-26
Alexis Harris,EID575,66,Data Analysis,2024-10-27
Alexander Gray,EID365,73,SQL,2025-05-05
Louis Hughes,AID751,95,NLP,2024-12-08
Leslie York,CID847,92,SQL,2024-10-01
Michael Logan,EID407,73,Python,2024-10-08
Krista Yang,EID638,65,Reinforcement Learning,2025-04-06
Megan Allen,CID221,76,ML Ops,2025-04-23
Mr. Richard Robertson,DID391,73,Python,2025-03-03
Robert Rosario,CID503,74,Computer Vision,2024-07-19
Isaiah Mcdonald,EID240,100,Computer Vision,2025-05-19
Elizabeth Hammond,,81,NLP,2025-02-12
Sarah Williams,EID732,65,SQL,2025-04-04
Karen Hayes,AID883,72,Python,2024-09-19
Justin Simmons,,78,Machine Learning,2024-12-25
Erika Bowman,BID566,72,Python,2024-11-14
Kim Henderson,DID182,88,Computer Vision,2025-05-20
Emily Hicks,DID827,70,Statistics,2024-06-11
Kathryn Anderson MD,DID490,75,Statistics,2025-03-04
Matthew Walker,AID880,64,Python,2024-10-10
Rebecca Boyd,BID814,85,Reinforcement Learning,2025-02-03
Thomas Rodriguez,EID470,99,Machine Learning,2024-09-24
Tamara Ibarra,BID523,89,ML Ops,2024-10-30
Nicole Wright,AID197,81,Computer Vision,2025-05-17
Mrs. Stephanie Jones,DID401,90,Data Analysis,2025-05-02
Savannah Tran,,60,Computer Vision,2025-03-23
James Sanders,BID305,80,Python,2024-11-26
Katherine Clark,EID981,64,Reinforcement Learning,2025-02-04
Samuel Hines,CID677,89,Computer Vision,2024-11-25
Melissa Andersen,DID740,79,Reinforcement Learning,2025-03-21
Christine Rivas,AID836,69,ML Ops,2024-11-20
Wanda Charles,,92,Reinforcement Learning,2024-08-23
Mary Vargas,AID149,67,Computer Vision,2025-02-05
Tara Jarvis,BID801,100,Computer Vision,2024-07-02
Thomas Smith,CID194,84,NLP,2025-02-15
Rodney Berry,EID698,67,Machine Learning,2025-02-28
Michael Ewing,DID585,80,Machine Learning,2024-11-07
Kelsey Perez,AID665,84,Python,2025-04-11
Mr. Sean Escobar,AID255,90,Cloud,2025-01-16
Craig Martinez,EID483,74,Reinforcement Learning,2025-03-01
Dennis Beck,,61,SQL,2025-05-08
Heather Johnson,AID475,88,Machine Learning,2025-02-19
Joseph Walker,,100,NLP,2024-10-06
Alexis Thompson,CID404,95,Computer Vision,2024-09-18
Lawrence Richards,,60,Statistics,2025-04-15
Bonnie Vang,AID469,100,Data Analysis,2024-12-03
Christopher Mitchell,AID371,91,ML Ops,2024-07-15
David Barajas,AID370,69,Statistics,2024-11-20
Paul Ewing,DID721,68,Machine Learning,2025-04-10
Joanna Kennedy,BID835,80,ML Ops,2024-10-11
Olivia Moreno,BID987,93,Computer Vision,2025-01-16
Todd Moore,DID581,92,Python,2025-02-12
Natasha Howard,BID538,91,Data Analysis,2025-03-25
Jared Norton,,76,Computer Vision,2024-10-10
Daniel Alexander,DID235,96,Computer Vision,2024-06-08
Jennifer Scott,,63,NLP,2025-05-07
Rose Nguyen,,92,Data Analysis,2024-12-15
Anthony Ross,,90,Statistics,2024-08-06
Elizabeth Mclean,EID598,72,NLP,2024-09-05
Julia Hall,CID835,91,SQL,2024-12-10
Tony Perkins,DID128,73,Machine Learning,2024-12-15
Stephen Hodge,DID612,79,Computer Vision,2024-09-25
Breanna Wallace,DID210,78,Data Analysis,2024-12-13
Curtis Price,,97,Reinforcement Learning,2024-08-28
Cole Cook,BID731,60,Reinforcement Learning,2025-03-29
Nicholas Bowman,,69,Data Analysis,2025-02-23
Michael Butler PhD,BID474,97,Data Analysis,2024-06-19
Kevin Wood,,71,NLP,2025-05-08
Melanie Jordan,DID340,97,Cloud,2024-11-08
Alexandra Lopez,BID214,97,NLP,2024-11-20
Hannah Watts,AID246,90,SQL,2024-07-16
Jose Johnson,DID116,82,Python,2025-05-15
Ronald Gardner,CID392,67,Computer Vision,2024-11-18
John James,BID738,78,Reinforcement Learning,2025-03-27
Michael Price,EID530,69,ML Ops,2024-12-29
Roy Thomas,DID366,93,Python,2025-02-11
Meredith Burch,AID561,88,Reinforcement Learning,2024-09-19
Alexandra Jordan,,96,Statistics,2024-12-04
Elizabeth Wells,DID927,87,Computer Vision,2025-04-03
John Johnson,BID208,96,Cloud,2025-02-06
Natalie Burgess,,68,Reinforcement Learning,2024-12-24
Diana Ortega,AID776,94,Data Analysis,2024-11-26
Tonya Williams,DID520,63,Cloud,2025-01-24
Kevin Irwin,BID335,87,Statistics,2024-06-04
Philip Cohen,DID368,72,Computer Vision,2025-04-05
Gregory Knox,CID878,64,Computer Vision,2024-06-03
Paul Cruz,EID204,74,Cloud,2024-07-08
Robin Bush,DID930,67,Machine Learning,2024-09-26
Abigail Clay,CID875,99,Reinforcement Learning,2024-10-20
Mike Barr,EID251,87,Data Analysis,2025-02-26
John Mckenzie,CID393,100,SQL,2024-09-17
Paul Willis,CID252,92,Computer Vision,2024-09-07
Anne Dunn,DID133,67,Statistics,2024-12-23
Heather Thomas,BID929,94,Computer Vision,2024-11-25
Clifford Cohen,,61,Python,2024-08-20
Janice Ryan,DID952,68,Data Analysis,2025-04-22
Aaron Gibson,BID192,83,NLP,2024-08-08
Anna Cohen,BID486,100,Computer Vision,2025-03-04
Dennis Chambers,,88,NLP,2024-07-16
Nicole Wright,EID419,62,ML Ops,2025-04-16
Sandra Fox,DID243,80,Reinforcement Learning,2025-03-29
Katherine Tucker,EID131,80,Statistics,2025-02-12
Philip Swanson,AID474,60,Cloud,2024-07-11
Jennifer Vazquez,EID148,71,ML Ops,2025-03-18
Robert Rice,,72,SQL,2024-09-23
Charles Snyder,,69,Python,2025-02-04
Stanley Glenn,EID835,70,Python,2024-07-21
Angela Williams,EID874,86,Reinforcement Learning,2025-02-06
Carl Rowe,DID181,74,Cloud,2024-06-29
Scott Johnson,DID775,88,Statistics,2024-12-18
Jacqueline Collins,BID203,88,ML Ops,2024-07-13
Robert Austin,DID705,65,Statistics,2024-11-29
Nancy Mclaughlin,AID736,82,ML Ops,2025-01-19
James Smith,DID283,80,ML Ops,2024-11-29
Lisa Sanchez,BID906,65,Machine Learning,2025-02-09
Terry Cannon,EID307,65,SQL,2025-01-09
Elizabeth Mclean,EID940,98,ML Ops,2025-05-25
Peter Davis,AID531,77,Cloud,2024-06-07
Michael Murphy,DID783,94,ML Ops,2024-07-03
Elizabeth Davis,AID973,80,SQL,2024-10-16
Sarah Barr,AID600,100,Machine Learning,2025-01-05
Jeffrey Jordan,DID206,92,Python,2025-04-05
Steven Mcknight,EID101,97,ML Ops,2024-08-03
William Pearson,,68,Reinforcement Learning,2024-11-28
Alec Gonzalez,EID959,65,Data Analysis,2025-05-13
Valerie Macdonald,DID579,81,SQL,2025-05-13
William Kelley,EID687,100,NLP,2024-08-04
Louis Hughes,DID287,94,Data Analysis,2025-02-04
Jason Madden,,82,Computer Vision,2024-09-27
Andre King,AID998,60,Data Analysis,2024-12-08
Allen Medina,EID295,66,Machine Learning,2024-05-25
Lori Diaz,DID932,89,Machine Learning,2025-03-21
Mary Hickman,EID542,95,Data Analysis,2024-08-16
Heather Mccann,DID933,99,ML Ops,2025-02-19
Christina Jones,EID473,80,Data Analysis,2025-02-10
Craig Carr,BID802,93,ML Ops,2024-07-12
Ronald Goodman,BID701,96,ML Ops,2024-10-13
Jacob Gallagher,BID684,60,Cloud,2024-08-28
Jared Norton,CID304,86,Python,2025-02-04
Alexandra Gordon,EID562,72,Cloud,2025-01-15
David Anderson,DID697,68,ML Ops,2025-04-08
James Vargas,AID566,68,Machine Learning,2024-10-29
Marie Moyer,,79,SQL,2024-07-13
Sharon Townsend,CID185,86,Reinforcement Learning,2025-01-02
Michael Gonzalez,DID190,92,Reinforcement Learning,2024-08-21
Katrina Reynolds,,69,Cloud,2024-07-03
Andrew Payne,,96,Python,2024-08-31
Alexis Thompson,,82,Statistics,2024-06-10
John Contreras,BID166,79,Python,2024-12-13
Teresa Smith,DID934,79,Reinforcement Learning,2024-12-02
Joseph Meyer,CID245,88,Machine Learning,2024-07-18
Joshua Hunt,BID810,67,NLP,2025-01-18
David Cantrell,CID580,90,ML Ops,2025-03-17
Angela Watkins,,96,Machine Learning,2025-03-21
James Foster,AID502,76,SQL,2024-09-22
Andrew Yang DVM,BID795,65,Data Analysis,2024-09-26
Amy Fischer,EID544,60,NLP,2025-02-12
Angela Bridges,EID487,74,Computer Vision,2024-08-13
John Collier,BID856,76,ML Ops,2025-04-16
Robert Fisher,,97,Statistics,2024-12-23
Leslie Skinner,DID887,67,Python,2024-07-28
Tammy Gonzalez,,62,Statistics,2025-05-12
Richard Wood,DID204,61,Cloud,2024-05-29
Anthony Jackson,AID101,89,Cloud,2025-03-11
William Dorsey,CID265,80,Statistics,2025-05-02
Thomas Nguyen,BID358,82,Statistics,2025-02-11
Jerry Carpenter,AID946,93,Reinforcement Learning,2024-09-03
Matthew Alexander,DID136,70,ML Ops,2024-09-14
Amanda Nunez,CID278,73,SQL,2025-03-28
Patty Cohen,CID498,75,NLP,2024-11-30
Jason Gates,CID348,91,NLP,2024-06-16
Mary Lucas,AID125,89,Reinforcement Learning,2025-03-22
Angela Mosley,,66,Python,2024-10-10
Peter Williams,AID827,70,Machine Learning,2024-09-02
Curtis Kim,EID393,74,Machine Learning,2024-12-28
Malik Moore,EID833,97,Cloud,2024-07-08
Jeffrey Garcia,BID591,73,ML Ops,2024-06-21
Danielle Miller,EID613,84,Data Analysis,2024-07-26
Alexandria Dodson,EID211,80,Data Analysis,2025-05-15
Robert Bryant,EID955,67,Cloud,2024-11-09
Heather Johnson,AID674,93,Data Analysis,2024-09-03
Pamela Thornton,CID737,68,Data Analysis,2025-02-24
Shawn Rogers,CID289,64,Data Analysis,2024-10-26
Riley Meyer,BID566,90,Data Analysis,2025-01-23
Jesse Roberson,DID756,80,Data Analysis,2024-11-22
Andrew Fischer,CID283,87,Computer Vision,2025-01-30
Austin Clayton,AID984,76,Data Analysis,2025-03-19
Lauren Riley,BID991,79,Computer Vision,2024-05-30
Alexandra Gordon,CID702,84,Cloud,2024-08-30
Veronica Taylor,,87,Computer Vision,2025-05-16
Sean Davidson,CID626,61,Data Analysis,2024-06-04
Sarah Ortiz,DID905,75,Data Analysis,2025-03-06
Brianna Snyder,AID907,77,Computer Vision,2024-09-27
Valerie Brown,AID478,93,SQL,2025-04-18
Maria Beard,DID314,90,ML Ops,2024-09-09
Joanna Kennedy,AID628,74,SQL,2024-12-10
Nicholas Walker,,74,NLP,2024-07-09
Heather Ward,BID748,92,ML Ops,2024-09-24
Courtney Sanchez,CID589,98,Statistics,2024-10-17
Daniel Harris,EID158,86,Machine Learning,2024-08-04
Robert Hicks,AID107,98,Computer Vision,2024-08-14
Crystal Perez,EID590,69,SQL,2024-08-22
Thomas Barron,,60,ML Ops,2024-11-27
Nicholas Rhodes,EID644,82,Statistics,2024-09-18
Brandon Oneal,BID773,90,NLP,2025-02-06
Hannah Woods,,99,ML Ops,2024-09-15
Anthony Miller,CID290,71,Data Analysis,2024-11-20
Krista Adams,AID276,79,ML Ops,2024-12-29
Dale Davis,CID891,61,Cloud,2024-06-25
Yvonne Benitez,EID404,98,Data Analysis,2024-10-25
Andre Walker,,80,Computer Vision,2025-05-04
Erika Bowman,BID735,91,Python,2025-04-06
Courtney Guzman,CID971,88,Reinforcement Learning,2024-11-08
Michele Smith,EID788,79,Machine Learning,2024-06-23
Donna George,DID565,74,Python,2025-02-08
Jacob Williams,,85,NLP,2024-11-04
Christina Cox,DID790,87,SQL,2025-05-22
Thomas Porter,,96,SQL,2025-05-10
April Davis,CID603,79,SQL,2025-01-23
Elizabeth Rollins,CID747,80,Python,2024-07-11
Leslie Skinner,AID732,64,NLP,2025-01-26
Miranda Allen,EID289,78,Reinforcement Learning,2025-02-20
Katherine Tucker,DID454,97,Machine Learning,2025-02-11
Justin Simmons,BID598,95,Reinforcement Learning,2024-09-01
Lisa Horton,BID763,70,Statistics,2024-12-08
Stacey Short,DID441,99,Python,2025-04-06
Aaron Barker,BID563,97,ML Ops,2024-08-29
Dr. Garrett Jackson,EID816,63,Statistics,2025-02-21
Anna Vasquez,EID121,86,Statistics,2024-06-25
Andrew Lopez,BID738,76,Data Analysis,2024-06-30
Richard Harmon,DID581,64,Cloud,2024-09-25
Larry Nixon,BID690,62,Reinforcement Learning,2025-02-23
Jessica Bates,BID629,60,Computer Vision,2024-09-30
Joan Lucas,AID162,61,Python,2024-10-20
Jerry Kemp,,71,Statistics,2025-01-20
Charles Snyder,DID957,93,Python,2025-01-06
Courtney Guzman,CID683,82,NLP,2024-08-04
Andrew Long,AID109,90,Python,2024-09-21
Philip Swanson,EID415,77,SQL,2024-08-08
Zachary Kramer,EID796,93,Python,2025-03-18
John Hughes,DID444,72,Data Analysis,2024-12-04
Beth Baker,CID466,95,NLP,2025-04-16
Eric Morrison,AID344,64,Computer Vision,2024-07-03
Kristy Shepherd,,99,Statistics,2025-04-06
Travis Hopkins,CID444,77,Reinforcement Learning,2024-09-18
David Cooper,DID909,70,Machine Learning,2024-07-10
Nancy Williams,AID982,97,Reinforcement Learning,2024-07-14
Mackenzie Wolfe,BID348,68,Computer Vision,2025-04-29
Rebecca Perez,BID410,74,Reinforcement Learning,2024-10-07
Colton Noble,EID594,87,Python,2025-04-12
Julia Hall,,73,Machine Learning,2024-11-21
Stacey Wilson,,85,NLP,2025-03-04
Lisa Arnold,AID856,77,Machine Learning,2024-09-11
Anna Dyer,CID732,65,Python,2024-06-12
Elizabeth Black,EID903,64,NLP,2024-08-06
Heather Stein,CID893,80,Cloud,2024-05-25
Kelli Zavala,,83,SQL,2024-07-24
Jamie Reese,AID694,69,Cloud,2025-02-08
Johnny Gregory,CID625,65,Computer Vision,2025-03-17
Marvin Harmon,EID817,84,Python,2024-12-19
Paul Hunt,EID889,94,Data Analysis,2024-07-14
Nina Butler,,75,NLP,2024-08-15
Stephen Howell,AID736,89,Machine Learning,2024-08-31
James Rowe,,96,Computer Vision,2024-11-17
Martin Lewis,AID670,96,SQL,2024-07-27
Michael Castillo,EID584,72,SQL,2024-07-27
Claire Woods,CID290,97,Machine Learning,2024-08-14
Nicole Diaz,,68,Cloud,2024-10-17
Sheri Cruz,EID150,60,ML Ops,2024-12-31
Ashley Carson,BID426,63,Machine Learning,2025-03-17
Aaron Howell,BID433,91,SQL,2025-03-19
Brian Parks,CID555,92,ML Ops,2025-01-21
Joel David,EID197,69,ML Ops,2024-09-16
Jacqueline West,CID548,96,NLP,2025-02-22
Paul Murphy,DID937,99,Data Analysis,2024-10-14
Kirsten Johnson,CID291,66,ML Ops,2025-01-07
Aaron Barker,CID807,81,Statistics,2024-10-24
Mary Collins,EID374,66,Cloud,2024-07-20
Matthew Evans,AID631,93,Computer Vision,2024-11-19
Nicole Sanders,BID699,74,Machine Learning,2024-12-16
Adrian Boyd,,70,Data Analysis,2025-03-14
Lisa Greer,EID360,99,NLP,2024-07-30
Marvin Harmon,AID807,90,Machine Learning,2025-04-13
Vanessa Santana,EID276,77,Cloud,2025-02-23
Ethan Diaz,DID689,94,NLP,2024-12-22
Robert Russo,EID432,78,NLP,2024-07-17
Richard Rivera,BID259,98,SQL,2024-10-03
Jennifer Proctor,,69,Reinforcement Learning,2025-05-08
Susan Kelley,BID674,71,Python,2024-06-06
Michael Walters,EID314,87,ML Ops,2024-07-02
Nicole Gonzales,CID431,80,ML Ops,2024-11-03
Maria Cole,DID733,71,Reinforcement Learning,2024-11-18
David Hernandez,DID120,85,Data Analysis,2024-08-19
Brittany Farmer,DID864,82,Reinforcement Learning,2025-05-13
Chase Martin,EID527,85,SQL,2025-04-02
Michelle Houston,BID419,87,ML Ops,2024-10-09
Amanda Strickland,AID503,81,Cloud,2024-06-24
Tyrone Lowery,,73,Computer Vision,2025-05-18
Jonathan Martin,DID364,73,SQL,2025-02-16
Stacy Richardson,CID700,96,Machine Learning,2025-04-17
Michele Hurst,,66,NLP,2025-01-31
Curtis Kim,DID801,75,NLP,2024-10-17
Jessica Alexander,EID716,69,Cloud,2025-04-01
Joseph Walker,,70,Data Analysis,2024-12-07
Krista Soto,CID137,78,NLP,2024-12-30
Natalie Lewis,CID180,80,ML Ops,2024-06-26
Sandra Gonzalez,DID929,60,Computer Vision,2024-06-04
Donald Lewis,AID743,90,Reinforcement Learning,2025-04-05
Rachel Garner,CID346,81,Statistics,2024-11-23
Sherry Jones,,64,Computer Vision,2024-10-06
Roy Thomas,CID574,73,Python,2025-02-26
Nancy Dalton,EID119,97,Machine Learning,2024-07-09
Christopher May,CID832,87,Data Analysis,2025-04-08
Tonya Burton,AID166,99,SQL,2024-10-03
Nancy Phillips,CID704,70,Statistics,2025-02-12
Valerie Johnson,DID472,73,Data Analysis,2025-04-24
Aaron Parks,EID393,60,Statistics,2024-08-16
Michael Hill,AID290,76,NLP,2025-03-12
Jorge Sanders,EID483,88,Machine Learning,2024-08-20
Anthony Sanchez,DID887,99,Data Analysis,2024-06-10
Donald Lewis,CID102,68,Data Analysis,2024-08-27
Jeanne Morales,,69,Data Analysis,2024-10-26
Steven Pierce,AID100,64,Statistics,2025-02-26
Diana Herrera,EID589,96,ML Ops,2024-09-10
Diane Murphy,,100,SQL,2024-09-19
Charles Kirby,BID480,67,SQL,2024-11-17
Jeffrey Martin,,66,NLP,2025-05-05
Edward Beltran,AID765,64,SQL,2024-12-08
Jenna Strickland,DID482,75,Statistics,2024-07-17
Susan Martinez,DID107,86,Statistics,2024-07-03
Kelly Good,EID515,70,Machine Learning,2025-05-12
Earl Powell,AID944,72,Reinforcement Learning,2025-05-12
Zachary Briggs,CID807,63,Data Analysis,2024-08-02
Jennifer Wood,AID110,63,SQL,2025-05-25
Ronald Holder,CID826,63,Computer Vision,2024-12-30
Colton Noble,DID870,87,Computer Vision,2024-08-18
Kathryn Vega,AID613,77,Computer Vision,2024-11-12
Tiffany Russell,BID866,69,Computer Vision,2024-12-04
Kevin Mcintosh,EID230,86,SQL,2024-07-20
Joseph Sexton,CID617,94,ML Ops,2024-12-14
Aaron Barker,BID776,76,Python,2024-08-04
Tonya Harris,AID750,76,SQL,2024-08-09
Jasmine Austin,AID109,79,Cloud,2024-06-10
Kenneth Beck,AID203,85,Data Analysis,2024-11-18
Katherine Gordon,CID369,87,Reinforcement Learning,2025-03-29
Chad Valentine,,75,ML Ops,2024-12-29
Tyler Kelley,CID980,61,Machine Learning,2024-07-26
Tracey Clark,EID561,93,Python,2025-04-21
Kevin Jones,CID245,99,Machine Learning,2025-05-11
Krista Lewis,AID832,78,Cloud,2024-07-30
Kristine Burnett,EID304,96,Machine Learning,2025-01-29
Patricia Delacruz,AID695,89,SQL,2025-01-02
John Harper,CID493,68,SQL,2025-02-25
Olivia Moreno,AID747,62,Data Analysis,2024-05-27
Cristina Long,AID459,65,Statistics,2025-04-07
Lorraine Johnson,EID916,95,Computer Vision,2024-11-17
Christina Cox,CID381,91,Reinforcement Learning,2024-06-21
Kyle Evans,AID506,87,Cloud,2024-06-13
Mark Hernandez,BID563,62,Computer Vision,2024-08-11
Kenneth Bolton,EID910,79,Machine Learning,2025-03-06
Nancy Wilson MD,AID775,67,ML Ops,2025-04-12
Michael Smith,AID222,77,Cloud,2024-07-22
Kaitlin Thomas,DID402,89,Python,2024-10-19
Lisa Reynolds,CID863,100,Computer Vision,2025-03-19
Diana Ortega,AID853,73,Statistics,2024-07-21
Ryan Martin DDS,AID592,99,Cloud,2025-04-24
